,age,marital_status,hours.per.week,education,work_sector,occupation,race,sex,income,age.num,hours.per.week.num,education.num
5083,30-39,Seperated,40-49,High School,private,Handlers-cleaners,White,Male,<=50K,2,3,3
22159,40-49,Married,40-49,Bachelors,private,Adm-clerical,White,Female,>50K,3,3,5
12922,Younger than 30,Never married,20-39,High School,private,Other-service,White,Female,<=50K,1,2,3
24678,Older than 60,Married,40-49,Doctorate,private,Prof-specialty,White,Male,>50K,5,3,7
4974,40-49,Never married,More than 50,Bachelors,private,Exec-managerial,White,Female,>50K,3,4,5
11753,40-49,Married,40-49,Higher Ed.,private,Sales,White,Male,>50K,3,3,4
6856,40-49,Married,More than 50,Higher Ed.,self-employed,Sales,White,Male,>50K,3,4,4
21560,30-39,Seperated,40-49,High School,private,Exec-managerial,White,Male,<=50K,2,3,3
30255,Younger than 30,Never married,More than 50,High School,private,Sales,White,Male,<=50K,1,4,3
21366,30-39,Married,40-49,High School,private,Craft-repair,White,Male,<=50K,2,3,3
30311,Younger than 30,Never married,20-39,Higher Ed.,private,Other-service,White,Female,<=50K,1,2,4
9631,30-39,Seperated,40-49,High School,government,Other,White,Male,<=50K,2,3,3
12008,50-59,Married,More than 50,High School,private,Adm-clerical,White,Male,<=50K,4,4,3
2633,Older than 60,Married,More than 50,Middle School,self-employed,Farming-fishing,White,Male,>50K,5,4,2
544,40-49,Married,40-49,Doctorate,government,Prof-specialty,White,Female,>50K,3,3,7
448,30-39,Married,40-49,Bachelors,private,Transport-moving,White,Male,>50K,2,3,5
9646,Younger than 30,Seperated,More than 50,High School,private,Exec-managerial,Amer-Indian-Eskimo,Female,<=50K,1,4,3
22154,Younger than 30,Never married,Less than 20,High School,private,Other-service,White,Male,<=50K,1,1,3
21378,40-49,Seperated,20-39,Higher Ed.,government,Other-service,White,Female,<=50K,3,2,4
8514,40-49,Never married,20-39,Bachelors,private,Exec-managerial,White,Male,<=50K,3,2,5
674,30-39,Married,More than 50,Bachelors,private,Adm-clerical,White,Male,>50K,2,4,5
25789,50-59,Married,40-49,Higher Ed.,government,Craft-repair,White,Male,<=50K,4,3,4
17850,40-49,Married,40-49,Higher Ed.,private,Craft-repair,Black,Male,<=50K,3,3,4
19821,Younger than 30,Never married,Less than 20,Higher Ed.,government,Prof-specialty,White,Male,<=50K,1,1,4
23608,30-39,Married,Less than 20,High School,private,Farming-fishing,White,Male,<=50K,2,1,3
4234,Younger than 30,Married,40-49,Bachelors,private,Prof-specialty,Black,Female,<=50K,1,3,5
9513,40-49,Married,More than 50,Higher Ed.,self-employed,Exec-managerial,White,Male,<=50K,3,4,4
6221,30-39,Seperated,40-49,Bachelors,private,Adm-clerical,White,Female,<=50K,2,3,5
28299,30-39,Never married,40-49,Bachelors,private,Tech-support,Asian-Pac-Islander,Female,<=50K,2,3,5
20131,40-49,Married,More than 50,High School,private,Craft-repair,White,Male,>50K,3,4,3
5568,Younger than 30,Never married,40-49,High School,private,Adm-clerical,White,Female,<=50K,1,3,3
1417,40-49,Married,40-49,High School,private,Craft-repair,White,Male,<=50K,3,3,3
24695,50-59,Married,40-49,High School,private,Other-service,White,Female,<=50K,4,3,3
5823,40-49,Never married,More than 50,Masters,government,Prof-specialty,White,Female,<=50K,3,4,6
2757,50-59,Married,40-49,Masters,private,Prof-specialty,White,Male,>50K,4,3,6
32402,Younger than 30,Never married,More than 50,Bachelors,government,Prof-specialty,White,Male,<=50K,1,4,5
12653,50-59,Married,20-39,Bachelors,government,Adm-clerical,White,Male,>50K,4,2,5
29146,Older than 60,Married,Less than 20,Higher Ed.,private,Other-service,White,Male,<=50K,5,1,4
2946,Older than 60,Married,More than 50,Higher Ed.,private,Farming-fishing,White,Male,<=50K,5,4,4
24530,40-49,Married,More than 50,Bachelors,private,Exec-managerial,White,Male,>50K,3,4,5
22786,30-39,Married,More than 50,Higher Ed.,government,Prof-specialty,White,Male,<=50K,2,4,4
11892,Younger than 30,Never married,More than 50,Doctorate,private,Prof-specialty,White,Male,<=50K,1,4,7
26356,50-59,Never married,40-49,Higher Ed.,private,Craft-repair,Asian-Pac-Islander,Male,<=50K,4,3,4
25736,30-39,Never married,20-39,High School,private,Sales,White,Female,<=50K,2,2,3
18446,40-49,Married,40-49,Higher Ed.,government,Craft-repair,Black,Male,>50K,3,3,4
27639,Younger than 30,Never married,20-39,High School,private,Sales,Other,Female,<=50K,1,2,3
19257,Younger than 30,Never married,40-49,Higher Ed.,private,Machine-op-inspct,White,Male,<=50K,1,3,4
19121,Older than 60,Married,40-49,Bachelors,government,Prof-specialty,White,Male,<=50K,5,3,5
25154,40-49,Married,40-49,Masters,self-employed,Exec-managerial,White,Male,>50K,3,3,6
19252,30-39,Never married,40-49,Higher Ed.,private,Craft-repair,White,Male,<=50K,2,3,4
955,30-39,Married,40-49,High School,private,Machine-op-inspct,White,Male,>50K,2,3,3
13977,Older than 60,Married,40-49,Higher Ed.,private,Exec-managerial,White,Male,<=50K,5,3,4
19509,50-59,Married,Less than 20,High School,private,Sales,White,Male,<=50K,4,1,3
21286,Younger than 30,Never married,40-49,High School,private,Craft-repair,White,Female,<=50K,1,3,3
13289,Older than 60,Seperated,20-39,Bachelors,government,Exec-managerial,White,Female,<=50K,5,2,5
28763,30-39,Married,More than 50,High School,self-employed,Farming-fishing,White,Male,<=50K,2,4,3
13286,40-49,Never married,40-49,Doctorate,self-employed,Prof-specialty,White,Male,>50K,3,3,7
26159,Younger than 30,Never married,40-49,High School,private,Exec-managerial,White,Male,<=50K,1,3,3
31376,30-39,Married,40-49,Higher Ed.,private,Prof-specialty,White,Male,<=50K,2,3,4
11903,Younger than 30,Never married,20-39,Bachelors,government,Prof-specialty,Amer-Indian-Eskimo,Male,<=50K,1,2,5
18783,50-59,Seperated,20-39,High School,self-employed,Prof-specialty,White,Male,<=50K,4,2,3
13037,40-49,Married,More than 50,Higher Ed.,private,Machine-op-inspct,Black,Male,<=50K,3,4,4
14095,Younger than 30,Never married,20-39,Higher Ed.,private,Sales,White,Male,<=50K,1,2,4
12349,Younger than 30,Never married,20-39,Higher Ed.,private,Other-service,White,Male,<=50K,1,2,4
11944,30-39,Married,40-49,Bachelors,private,Prof-specialty,White,Male,>50K,2,3,5
26874,40-49,Married,40-49,High School,private,Craft-repair,White,Male,<=50K,3,3,3
11064,50-59,Married,More than 50,Higher Ed.,government,Farming-fishing,White,Male,<=50K,4,4,4
10152,40-49,Married,40-49,High School,private,Machine-op-inspct,Black,Male,<=50K,3,3,3
5024,30-39,Never married,40-49,Higher Ed.,private,Craft-repair,White,Male,<=50K,2,3,4
30200,30-39,Seperated,40-49,Higher Ed.,government,Adm-clerical,White,Female,<=50K,2,3,4
31059,30-39,Seperated,20-39,High School,private,Other-service,White,Female,<=50K,2,2,3
27749,Younger than 30,Never married,40-49,Higher Ed.,private,Sales,White,Male,<=50K,1,3,4
13077,Younger than 30,Never married,40-49,Higher Ed.,private,Craft-repair,White,Male,<=50K,1,3,4
14007,30-39,Seperated,40-49,High School,private,Other-service,White,Female,<=50K,2,3,3
29789,30-39,Married,40-49,Bachelors,government,Prof-specialty,White,Male,<=50K,2,3,5
10839,40-49,Married,40-49,Masters,private,Exec-managerial,White,Male,>50K,3,3,6
4380,Younger than 30,Never married,More than 50,Bachelors,private,Craft-repair,White,Male,<=50K,1,4,5
13284,40-49,Married,40-49,Higher Ed.,private,Craft-repair,White,Male,<=50K,3,3,4
6339,30-39,Married,40-49,Higher Ed.,private,Prof-specialty,Amer-Indian-Eskimo,Male,<=50K,2,3,4
21750,40-49,Never married,40-49,Higher Ed.,government,Adm-clerical,White,Female,<=50K,3,3,4
4561,40-49,Seperated,40-49,Higher Ed.,private,Sales,White,Female,<=50K,3,3,4
10692,30-39,Married,20-39,High School,private,Other-service,Black,Male,<=50K,2,2,3
6728,40-49,Never married,20-39,Higher Ed.,private,Adm-clerical,White,Female,<=50K,3,2,4
8380,Younger than 30,Never married,40-49,Higher Ed.,private,Adm-clerical,Black,Female,<=50K,1,3,4
25842,Younger than 30,Never married,Less than 20,Higher Ed.,private,Other-service,White,Female,<=50K,1,1,4
10911,30-39,Married,More than 50,Bachelors,self-employed,Sales,White,Male,>50K,2,4,5
19936,Older than 60,Never married,20-39,High School,self-employed,Exec-managerial,White,Male,<=50K,5,2,3
14022,40-49,Seperated,More than 50,Higher Ed.,self-employed,Exec-managerial,White,Female,<=50K,3,4,4
11308,30-39,Never married,40-49,Higher Ed.,government,Adm-clerical,Black,Female,<=50K,2,3,4
27797,Younger than 30,Married,More than 50,Bachelors,private,Sales,White,Male,<=50K,1,4,5
2236,Older than 60,Married,More than 50,High School,self-employed,Farming-fishing,White,Male,>50K,5,4,3
30256,30-39,Married,40-49,Bachelors,private,Exec-managerial,White,Male,<=50K,2,3,5
10516,30-39,Seperated,40-49,Higher Ed.,private,Sales,White,Male,<=50K,2,3,4
10092,40-49,Married,40-49,High School,private,Other-service,Amer-Indian-Eskimo,Male,<=50K,3,3,3
10381,Younger than 30,Never married,40-49,High School,private,Machine-op-inspct,White,Male,<=50K,1,3,3
5110,40-49,Married,40-49,Higher Ed.,private,Prof-specialty,White,Male,>50K,3,3,4
4825,Younger than 30,Never married,Less than 20,High School,government,Adm-clerical,White,Female,<=50K,1,1,3
16725,30-39,Married,20-39,High School,private,Craft-repair,White,Male,<=50K,2,2,3
12059,Younger than 30,Never married,40-49,High School,private,Machine-op-inspct,White,Male,<=50K,1,3,3
13793,Younger than 30,Married,20-39,High School,private,Other-service,White,Female,<=50K,1,2,3
6672,30-39,Married,40-49,Higher Ed.,private,Exec-managerial,White,Male,<=50K,2,3,4
15956,30-39,Married,40-49,High School,private,Craft-repair,White,Male,<=50K,2,3,3
28358,Younger than 30,Married,40-49,Middle School,private,Handlers-cleaners,White,Male,<=50K,1,3,2
8120,Younger than 30,Never married,Less than 20,Higher Ed.,private,Other-service,White,Male,<=50K,1,1,4
18598,Younger than 30,Never married,40-49,High School,private,Other-service,White,Male,<=50K,1,3,3
25092,30-39,Seperated,More than 50,Bachelors,private,Exec-managerial,White,Male,>50K,2,4,5
4927,Older than 60,Married,40-49,Bachelors,private,Prof-specialty,White,Male,>50K,5,3,5
1476,Younger than 30,Never married,40-49,Bachelors,private,Tech-support,Asian-Pac-Islander,Female,<=50K,1,3,5
19357,Older than 60,Married,40-49,High School,private,Handlers-cleaners,White,Male,<=50K,5,3,3
5907,Younger than 30,Married,20-39,Bachelors,government,Prof-specialty,White,Male,<=50K,1,2,5
12518,Younger than 30,Never married,20-39,Higher Ed.,private,Sales,White,Female,<=50K,1,2,4
20727,50-59,Married,40-49,Higher Ed.,government,Prof-specialty,White,Male,<=50K,4,3,4
701,40-49,Married,More than 50,Bachelors,private,Sales,White,Male,>50K,3,4,5
1159,Younger than 30,Never married,More than 50,Bachelors,private,Exec-managerial,White,Female,<=50K,1,4,5
30151,Younger than 30,Never married,More than 50,Masters,private,Prof-specialty,White,Male,>50K,1,4,6
1201,30-39,Married,40-49,High School,government,Adm-clerical,Black,Male,<=50K,2,3,3
16874,Younger than 30,Never married,20-39,High School,private,Adm-clerical,White,Female,<=50K,1,2,3
22622,Older than 60,Married,40-49,High School,self-employed,Other-service,White,Male,>50K,5,3,3
597,Younger than 30,Married,40-49,Middle School,self-employed,Transport-moving,White,Male,>50K,1,3,2
25379,Younger than 30,Seperated,40-49,Higher Ed.,private,Other-service,White,Female,<=50K,1,3,4
24609,30-39,Married,40-49,High School,government,Adm-clerical,White,Male,>50K,2,3,3
26082,Younger than 30,Never married,20-39,Bachelors,private,Prof-specialty,White,Female,<=50K,1,2,5
4757,40-49,Married,40-49,High School,government,Other-service,White,Male,<=50K,3,3,3
10267,40-49,Married,20-39,High School,private,Adm-clerical,White,Female,<=50K,3,2,3
28741,30-39,Married,More than 50,Bachelors,government,Other,Black,Male,>50K,2,4,5
2640,30-39,Married,More than 50,Masters,private,Exec-managerial,White,Male,>50K,2,4,6
7809,Younger than 30,Never married,40-49,High School,private,Adm-clerical,Black,Female,<=50K,1,3,3
18482,30-39,Married,40-49,Masters,government,Prof-specialty,Black,Male,<=50K,2,3,6
25962,Younger than 30,Never married,40-49,Bachelors,private,Adm-clerical,White,Male,<=50K,1,3,5
30199,30-39,Married,40-49,Higher Ed.,private,Handlers-cleaners,Black,Male,<=50K,2,3,4
4005,30-39,Never married,40-49,High School,private,Machine-op-inspct,Black,Male,<=50K,2,3,3
27054,40-49,Seperated,40-49,Masters,government,Exec-managerial,White,Male,<=50K,3,3,6
11494,40-49,Seperated,20-39,Higher Ed.,government,Adm-clerical,White,Female,<=50K,3,2,4
7997,Younger than 30,Never married,40-49,High School,private,Exec-managerial,Black,Female,<=50K,1,3,3
20369,30-39,Married,More than 50,Bachelors,government,Prof-specialty,Asian-Pac-Islander,Male,>50K,2,4,5
26503,50-59,Never married,20-39,High School,private,Other-service,Black,Female,<=50K,4,2,3
16950,30-39,Never married,More than 50,High School,government,Other,White,Male,<=50K,2,4,3
18905,Younger than 30,Married,40-49,High School,private,Handlers-cleaners,Black,Male,<=50K,1,3,3
29419,30-39,Seperated,40-49,Higher Ed.,self-employed,Exec-managerial,White,Male,<=50K,2,3,4
27601,40-49,Married,More than 50,Bachelors,private,Transport-moving,White,Male,<=50K,3,4,5
18916,Younger than 30,Never married,40-49,Higher Ed.,government,Adm-clerical,Black,Female,<=50K,1,3,4
11475,40-49,Never married,40-49,Bachelors,private,Prof-specialty,White,Female,<=50K,3,3,5
14583,Younger than 30,Never married,More than 50,Higher Ed.,private,Sales,White,Female,<=50K,1,4,4
31051,Younger than 30,Never married,20-39,High School,private,Other,White,Male,<=50K,1,2,3
10109,50-59,Seperated,Less than 20,High School,private,Other,Black,Female,<=50K,4,1,3
2808,40-49,Married,More than 50,Higher Ed.,private,Adm-clerical,White,Male,>50K,3,4,4
18411,Younger than 30,Never married,40-49,High School,private,Other,White,Male,<=50K,1,3,3
31677,30-39,Married,40-49,Higher Ed.,self-employed,Exec-managerial,White,Male,<=50K,2,3,4
32029,30-39,Married,40-49,High School,self-employed,Transport-moving,White,Male,<=50K,2,3,3
2852,50-59,Married,40-49,Higher Ed.,private,Sales,White,Male,>50K,4,3,4
22010,40-49,Married,40-49,High School,private,Other-service,White,Male,<=50K,3,3,3
1882,30-39,Married,More than 50,High School,private,Sales,White,Male,>50K,2,4,3
23127,40-49,Never married,40-49,Higher Ed.,private,Machine-op-inspct,Black,Female,<=50K,3,3,4
26814,50-59,Never married,40-49,Middle School,private,Adm-clerical,White,Male,<=50K,4,3,2
17643,Younger than 30,Never married,More than 50,Higher Ed.,private,Farming-fishing,White,Male,<=50K,1,4,4
571,50-59,Married,20-39,Higher Ed.,private,Adm-clerical,White,Female,>50K,4,2,4
17100,Younger than 30,Never married,Less than 20,High School,private,Handlers-cleaners,White,Male,<=50K,1,1,3
17377,Older than 60,Married,Less than 20,Bachelors,self-employed,Sales,White,Male,<=50K,5,1,5
11008,30-39,Married,40-49,Higher Ed.,private,Prof-specialty,White,Male,<=50K,2,3,4
17665,Younger than 30,Never married,40-49,High School,private,Other-service,White,Male,<=50K,1,3,3
28797,30-39,Married,More than 50,Doctorate,private,Prof-specialty,White,Male,>50K,2,4,7
15253,Older than 60,Married,More than 50,Doctorate,self-employed,Prof-specialty,White,Male,>50K,5,4,7
11695,50-59,Married,More than 50,Higher Ed.,private,Sales,White,Male,>50K,4,4,4
31573,Younger than 30,Never married,20-39,Higher Ed.,private,Handlers-cleaners,White,Male,<=50K,1,2,4
9945,40-49,Married,40-49,High School,government,Other-service,White,Male,<=50K,3,3,3
13745,Younger than 30,Never married,40-49,Higher Ed.,private,Craft-repair,White,Male,<=50K,1,3,4
23101,Younger than 30,Married,40-49,Masters,private,Sales,White,Male,>50K,1,3,6
20987,Younger than 30,Never married,More than 50,High School,private,Handlers-cleaners,White,Male,<=50K,1,4,3
25726,30-39,Seperated,40-49,High School,private,Adm-clerical,White,Female,<=50K,2,3,3
6956,50-59,Married,40-49,Higher Ed.,private,Exec-managerial,White,Male,>50K,4,3,4
23988,Younger than 30,Never married,40-49,High School,private,Machine-op-inspct,White,Male,<=50K,1,3,3
23605,30-39,Married,More than 50,Higher Ed.,self-employed,Sales,White,Male,<=50K,2,4,4
25059,40-49,Married,20-39,High School,private,Other-service,White,Female,<=50K,3,2,3
17950,40-49,Married,More than 50,High School,private,Transport-moving,White,Male,>50K,3,4,3
94,30-39,Married,40-49,High School,self-employed,Other-service,White,Female,>50K,2,3,3
24608,30-39,Seperated,20-39,Higher Ed.,private,Transport-moving,White,Male,<=50K,2,2,4
6845,Younger than 30,Married,40-49,High School,private,Machine-op-inspct,White,Male,<=50K,1,3,3
2064,40-49,Married,More than 50,Masters,private,Exec-managerial,White,Male,>50K,3,4,6
29319,40-49,Married,More than 50,Doctorate,private,Exec-managerial,White,Male,>50K,3,4,7
5601,Younger than 30,Never married,20-39,High School,private,Exec-managerial,White,Female,<=50K,1,2,3
20860,40-49,Married,40-49,Higher Ed.,private,Exec-managerial,White,Male,>50K,3,3,4
20953,40-49,Never married,40-49,Higher Ed.,government,Other-service,Black,Female,<=50K,3,3,4
12812,30-39,Never married,40-49,Higher Ed.,private,Craft-repair,White,Male,<=50K,2,3,4
2246,30-39,Seperated,40-49,High School,private,Adm-clerical,White,Male,>50K,2,3,3
25,Younger than 30,Married,40-49,Higher Ed.,private,Craft-repair,White,Male,<=50K,1,3,4
17902,30-39,Married,40-49,Masters,private,Prof-specialty,Asian-Pac-Islander,Male,<=50K,2,3,6
32536,50-59,Married,More than 50,Bachelors,private,Exec-managerial,Asian-Pac-Islander,Male,>50K,4,4,5
19010,Older than 60,Married,Less than 20,Bachelors,self-employed,Exec-managerial,White,Male,>50K,5,1,5
29450,40-49,Married,40-49,High School,private,Machine-op-inspct,White,Male,<=50K,3,3,3
23847,40-49,Married,40-49,High School,private,Craft-repair,White,Male,>50K,3,3,3
8963,50-59,Married,40-49,High School,private,Machine-op-inspct,White,Female,<=50K,4,3,3
17895,30-39,Married,40-49,High School,private,Craft-repair,White,Male,<=50K,2,3,3
17374,50-59,Married,More than 50,High School,private,Exec-managerial,White,Male,>50K,4,4,3
17239,30-39,Married,More than 50,High School,private,Other-service,White,Male,<=50K,2,4,3
19777,Younger than 30,Never married,20-39,High School,private,Other-service,White,Female,<=50K,1,2,3
8252,50-59,Never married,40-49,High School,private,Other-service,Black,Female,<=50K,4,3,3
24422,40-49,Seperated,40-49,High School,private,Other,Black,Female,<=50K,3,3,3
28484,Older than 60,Never married,40-49,Higher Ed.,self-employed,Machine-op-inspct,White,Female,<=50K,5,3,4
26821,50-59,Married,More than 50,Masters,self-employed,Prof-specialty,White,Male,>50K,4,4,6
14703,30-39,Married,40-49,High School,private,Transport-moving,White,Male,<=50K,2,3,3
25730,40-49,Married,More than 50,Higher Ed.,private,Transport-moving,Amer-Indian-Eskimo,Male,<=50K,3,4,4
22146,40-49,Seperated,Less than 20,High School,private,Other-service,Black,Female,<=50K,3,1,3
24489,40-49,Married,40-49,Higher Ed.,private,Handlers-cleaners,White,Male,<=50K,3,3,4
19088,Younger than 30,Married,More than 50,High School,private,Machine-op-inspct,White,Male,<=50K,1,4,3
2027,40-49,Married,More than 50,Higher Ed.,private,Prof-specialty,White,Female,>50K,3,4,4
15749,30-39,Married,40-49,High School,government,Craft-repair,White,Male,>50K,2,3,3
14599,Younger than 30,Never married,20-39,High School,private,Other-service,White,Female,<=50K,1,2,3
14043,Younger than 30,Never married,20-39,High School,government,Adm-clerical,Black,Female,<=50K,1,2,3
22165,30-39,Married,20-39,Higher Ed.,private,Transport-moving,White,Male,>50K,2,2,4
8663,Younger than 30,Never married,20-39,High School,private,Sales,White,Male,<=50K,1,2,3
29657,30-39,Seperated,40-49,High School,government,Adm-clerical,White,Female,<=50K,2,3,3
1523,40-49,Married,More than 50,Doctorate,private,Prof-specialty,White,Male,>50K,3,4,7
24855,30-39,Seperated,20-39,High School,private,Adm-clerical,White,Female,<=50K,2,2,3
23010,30-39,Married,40-49,High School,private,Exec-managerial,White,Male,<=50K,2,3,3
18814,40-49,Seperated,Less than 20,Higher Ed.,private,Other-service,White,Female,<=50K,3,1,4
10566,50-59,Married,40-49,Masters,government,Prof-specialty,Asian-Pac-Islander,Male,>50K,4,3,6
3237,40-49,Married,40-49,Higher Ed.,government,Adm-clerical,Black,Male,<=50K,3,3,4
17970,30-39,Never married,20-39,High School,private,Craft-repair,White,Male,<=50K,2,2,3
6584,Younger than 30,Never married,20-39,Higher Ed.,private,Other-service,White,Female,<=50K,1,2,4
22580,30-39,Never married,40-49,High School,private,Machine-op-inspct,White,Male,<=50K,2,3,3
8270,30-39,Seperated,20-39,High School,private,Other-service,White,Female,<=50K,2,2,3
5627,Younger than 30,Married,20-39,Higher Ed.,private,Exec-managerial,White,Female,<=50K,1,2,4
11922,Younger than 30,Never married,Less than 20,High School,private,Other-service,White,Female,<=50K,1,1,3
9894,Older than 60,Married,40-49,Higher Ed.,self-employed,Sales,White,Male,<=50K,5,3,4
2071,50-59,Married,20-39,Higher Ed.,private,Other,Black,Male,>50K,4,2,4
14439,Younger than 30,Never married,Less than 20,Higher Ed.,government,Adm-clerical,White,Male,<=50K,1,1,4
21257,50-59,Married,40-49,High School,private,Other-service,Black,Female,<=50K,4,3,3
18067,Older than 60,Married,40-49,Bachelors,private,Exec-managerial,White,Female,>50K,5,3,5
22193,30-39,Married,Less than 20,Higher Ed.,private,Prof-specialty,White,Female,>50K,2,1,4
20625,Younger than 30,Never married,Less than 20,Higher Ed.,private,Other-service,White,Female,<=50K,1,1,4
24317,Younger than 30,Never married,40-49,Bachelors,private,Adm-clerical,White,Male,<=50K,1,3,5
27384,40-49,Married,More than 50,High School,private,Transport-moving,White,Male,>50K,3,4,3
28565,Younger than 30,Married,20-39,Higher Ed.,government,Prof-specialty,White,Male,<=50K,1,2,4
28259,Older than 60,Married,40-49,High School,private,Machine-op-inspct,White,Male,<=50K,5,3,3
14141,Younger than 30,Never married,20-39,High School,private,Other,White,Female,<=50K,1,2,3
6255,Younger than 30,Never married,40-49,High School,private,Tech-support,White,Female,<=50K,1,3,3
20233,30-39,Married,20-39,High School,private,Transport-moving,White,Male,<=50K,2,2,3
27776,30-39,Married,40-49,High School,government,Adm-clerical,White,Female,<=50K,2,3,3
4389,30-39,Never married,40-49,Higher Ed.,private,Craft-repair,Black,Male,<=50K,2,3,4
26027,30-39,Never married,More than 50,Higher Ed.,private,Farming-fishing,Black,Male,<=50K,2,4,4
11156,40-49,Married,40-49,High School,private,Craft-repair,White,Male,<=50K,3,3,3
24700,30-39,Married,More than 50,High School,private,Transport-moving,White,Male,<=50K,2,4,3
23583,Younger than 30,Never married,40-49,High School,private,Adm-clerical,White,Male,<=50K,1,3,3
10793,30-39,Never married,40-49,High School,private,Other-service,White,Male,<=50K,2,3,3
1889,50-59,Married,More than 50,Bachelors,private,Sales,White,Male,>50K,4,4,5
19106,30-39,Never married,40-49,High School,private,Craft-repair,White,Male,<=50K,2,3,3
22781,40-49,Married,40-49,High School,private,Machine-op-inspct,White,Male,>50K,3,3,3
5773,50-59,Married,40-49,High School,government,Adm-clerical,White,Male,>50K,4,3,3
14754,50-59,Never married,40-49,Higher Ed.,government,Prof-specialty,White,Female,<=50K,4,3,4
1650,Older than 60,Married,40-49,Masters,self-employed,Exec-managerial,White,Male,>50K,5,3,6
31867,30-39,Seperated,40-49,High School,private,Machine-op-inspct,Asian-Pac-Islander,Female,<=50K,2,3,3
9782,30-39,Married,40-49,Higher Ed.,private,Prof-specialty,White,Male,>50K,2,3,4
10636,Younger than 30,Never married,Less than 20,High School,private,Handlers-cleaners,White,Male,<=50K,1,1,3
20735,30-39,Seperated,Less than 20,Higher Ed.,private,Other-service,White,Female,<=50K,2,1,4
6241,40-49,Never married,40-49,Higher Ed.,private,Craft-repair,White,Male,<=50K,3,3,4
1067,50-59,Married,40-49,High School,private,Other-service,Black,Male,<=50K,4,3,3
24153,30-39,Married,Less than 20,Higher Ed.,self-employed,Exec-managerial,White,Female,<=50K,2,1,4
5591,Younger than 30,Never married,More than 50,Higher Ed.,government,Tech-support,White,Male,<=50K,1,4,4
29754,Older than 60,Married,40-49,Doctorate,private,Exec-managerial,White,Male,>50K,5,3,7
2550,30-39,Married,40-49,Doctorate,private,Craft-repair,White,Male,>50K,2,3,7
12564,40-49,Seperated,40-49,Masters,private,Other-service,White,Female,<=50K,3,3,6
22922,40-49,Never married,More than 50,High School,self-employed,Farming-fishing,White,Male,<=50K,3,4,3
18231,Younger than 30,Never married,Less than 20,Higher Ed.,private,Other-service,White,Male,<=50K,1,1,4
8972,50-59,Married,20-39,High School,government,Other-service,White,Female,<=50K,4,2,3
30025,30-39,Married,40-49,Doctorate,private,Tech-support,Asian-Pac-Islander,Male,<=50K,2,3,7
18796,50-59,Married,More than 50,Higher Ed.,self-employed,Craft-repair,White,Male,<=50K,4,4,4
358,40-49,Married,40-49,High School,self-employed,Exec-managerial,White,Male,>50K,3,3,3
7755,Younger than 30,Never married,20-39,High School,private,Other-service,White,Female,<=50K,1,2,3
12013,40-49,Never married,40-49,Higher Ed.,private,Exec-managerial,White,Female,<=50K,3,3,4
5517,50-59,Seperated,40-49,High School,government,Adm-clerical,White,Female,<=50K,4,3,3
7538,Younger than 30,Married,More than 50,High School,private,Farming-fishing,White,Male,<=50K,1,4,3
6432,50-59,Married,40-49,Higher Ed.,private,Sales,White,Male,<=50K,4,3,4
17699,30-39,Never married,40-49,High School,private,Machine-op-inspct,Black,Female,<=50K,2,3,3
30790,30-39,Married,20-39,Higher Ed.,self-employed,Adm-clerical,White,Female,<=50K,2,2,4
24176,Younger than 30,Never married,40-49,High School,private,Adm-clerical,Black,Male,<=50K,1,3,3
20877,Older than 60,Never married,Less than 20,High School,private,Tech-support,White,Female,<=50K,5,1,3
7723,Younger than 30,Never married,Less than 20,Bachelors,private,Exec-managerial,White,Female,<=50K,1,1,5
5353,30-39,Married,40-49,High School,private,Handlers-cleaners,White,Male,<=50K,2,3,3
24424,Younger than 30,Never married,40-49,Higher Ed.,private,Adm-clerical,White,Male,<=50K,1,3,4
19188,Younger than 30,Never married,40-49,Bachelors,private,Adm-clerical,White,Male,<=50K,1,3,5
4103,40-49,Seperated,More than 50,Higher Ed.,government,Prof-specialty,White,Female,<=50K,3,4,4
28214,Younger than 30,Never married,20-39,High School,self-employed,Other-service,White,Female,<=50K,1,2,3
7517,Younger than 30,Never married,20-39,High School,private,Other-service,White,Male,<=50K,1,2,3
24946,30-39,Married,40-49,Masters,private,Sales,White,Male,<=50K,2,3,6
12341,30-39,Never married,40-49,Higher Ed.,private,Craft-repair,White,Male,<=50K,2,3,4
23233,50-59,Married,40-49,Higher Ed.,private,Exec-managerial,White,Male,>50K,4,3,4
30660,Younger than 30,Never married,40-49,High School,private,Machine-op-inspct,White,Male,<=50K,1,3,3
14488,30-39,Married,More than 50,Higher Ed.,private,Prof-specialty,Amer-Indian-Eskimo,Male,<=50K,2,4,4
30529,40-49,Never married,40-49,High School,private,Craft-repair,White,Female,<=50K,3,3,3
16662,50-59,Married,40-49,High School,government,Craft-repair,White,Male,<=50K,4,3,3
15995,40-49,Married,40-49,Masters,private,Prof-specialty,White,Female,<=50K,3,3,6
3651,40-49,Married,40-49,Bachelors,private,Exec-managerial,White,Male,<=50K,3,3,5
19788,30-39,Married,40-49,High School,government,Exec-managerial,White,Male,>50K,2,3,3
28108,Younger than 30,Married,40-49,Middle School,private,Farming-fishing,White,Male,<=50K,1,3,2
17414,30-39,Married,40-49,High School,private,Farming-fishing,Black,Male,<=50K,2,3,3
19946,50-59,Married,More than 50,Masters,self-employed,Sales,White,Male,<=50K,4,4,6
23933,40-49,Married,More than 50,Bachelors,self-employed,Craft-repair,White,Male,<=50K,3,4,5
78,40-49,Married,40-49,Masters,private,Exec-managerial,White,Male,>50K,3,3,6
16009,40-49,Never married,40-49,High School,private,Craft-repair,Asian-Pac-Islander,Female,<=50K,3,3,3
20875,40-49,Seperated,40-49,High School,government,Adm-clerical,White,Female,<=50K,3,3,3
17264,50-59,Married,40-49,High School,private,Craft-repair,White,Male,<=50K,4,3,3
15191,40-49,Married,40-49,Middle School,private,Craft-repair,White,Male,<=50K,3,3,2
22704,30-39,Married,20-39,High School,private,Adm-clerical,White,Female,<=50K,2,2,3
23530,40-49,Married,More than 50,High School,government,Other,White,Male,>50K,3,4,3
1960,50-59,Married,40-49,Bachelors,private,Exec-managerial,White,Male,>50K,4,3,5
1381,30-39,Never married,More than 50,Higher Ed.,self-employed,Craft-repair,White,Male,<=50K,2,4,4
19449,Younger than 30,Never married,40-49,Higher Ed.,private,Sales,Black,Female,<=50K,1,3,4
28331,40-49,Never married,40-49,High School,private,Sales,White,Female,<=50K,3,3,3
24969,50-59,Never married,40-49,High School,private,Handlers-cleaners,White,Female,<=50K,4,3,3
28097,30-39,Married,40-49,Doctorate,private,Prof-specialty,White,Female,>50K,2,3,7
3938,Younger than 30,Never married,40-49,Higher Ed.,private,Farming-fishing,White,Male,<=50K,1,3,4
23931,30-39,Married,40-49,Higher Ed.,private,Craft-repair,White,Male,<=50K,2,3,4
16688,40-49,Seperated,More than 50,Higher Ed.,private,Sales,White,Female,<=50K,3,4,4
3223,40-49,Seperated,40-49,Masters,private,Prof-specialty,White,Male,<=50K,3,3,6
2482,30-39,Married,More than 50,Masters,government,Other,White,Male,>50K,2,4,6
31555,40-49,Married,40-49,Masters,private,Prof-specialty,White,Male,>50K,3,3,6
13777,Younger than 30,Never married,20-39,High School,private,Adm-clerical,White,Female,<=50K,1,2,3
17931,30-39,Never married,20-39,Higher Ed.,self-employed,Other-service,White,Female,<=50K,2,2,4
14146,40-49,Married,40-49,Bachelors,private,Prof-specialty,White,Male,>50K,3,3,5
16929,40-49,Married,More than 50,Bachelors,self-employed,Farming-fishing,White,Male,<=50K,3,4,5
20449,Younger than 30,Never married,20-39,Higher Ed.,government,Other,White,Male,<=50K,1,2,4
21669,40-49,Seperated,40-49,High School,private,Adm-clerical,White,Female,<=50K,3,3,3
32503,30-39,Never married,20-39,High School,private,Other-service,White,Female,<=50K,2,2,3
12796,Younger than 30,Never married,40-49,Higher Ed.,private,Sales,White,Female,<=50K,1,3,4
25271,40-49,Married,More than 50,Bachelors,private,Sales,White,Male,>50K,3,4,5
22674,Younger than 30,Never married,Less than 20,High School,private,Other-service,White,Female,<=50K,1,1,3
24158,50-59,Married,40-49,High School,private,Craft-repair,White,Male,>50K,4,3,3
14924,Younger than 30,Seperated,20-39,High School,private,Other-service,White,Female,<=50K,1,2,3
1241,Younger than 30,Never married,Less than 20,High School,private,Other-service,White,Female,<=50K,1,1,3
14377,Younger than 30,Never married,More than 50,High School,private,Adm-clerical,White,Male,<=50K,1,4,3
22014,Younger than 30,Never married,20-39,High School,private,Other-service,White,Female,<=50K,1,2,3
2346,Older than 60,Seperated,40-49,Bachelors,private,Prof-specialty,White,Female,>50K,5,3,5
25405,Younger than 30,Married,40-49,Higher Ed.,private,Prof-specialty,White,Female,<=50K,1,3,4
1438,40-49,Seperated,40-49,Higher Ed.,private,Exec-managerial,White,Male,<=50K,3,3,4
7860,Younger than 30,Never married,40-49,Higher Ed.,private,Sales,White,Male,<=50K,1,3,4
22465,50-59,Seperated,20-39,Bachelors,government,Machine-op-inspct,Black,Male,<=50K,4,2,5
26891,40-49,Seperated,40-49,Higher Ed.,private,Exec-managerial,Amer-Indian-Eskimo,Female,<=50K,3,3,4
28822,Younger than 30,Never married,40-49,High School,private,Handlers-cleaners,White,Male,<=50K,1,3,3
4382,Younger than 30,Married,20-39,High School,private,Sales,White,Female,<=50K,1,2,3
11879,30-39,Never married,40-49,High School,private,Other-service,White,Male,<=50K,2,3,3
30410,Younger than 30,Never married,More than 50,High School,private,Farming-fishing,White,Male,<=50K,1,4,3
26042,30-39,Married,40-49,Higher Ed.,private,Prof-specialty,White,Male,<=50K,2,3,4
25689,Younger than 30,Never married,40-49,High School,private,Craft-repair,White,Male,<=50K,1,3,3
8486,30-39,Seperated,40-49,High School,private,Exec-managerial,White,Female,<=50K,2,3,3
12100,Younger than 30,Never married,40-49,Bachelors,private,Prof-specialty,White,Male,<=50K,1,3,5
16145,Younger than 30,Never married,More than 50,High School,private,Farming-fishing,White,Male,<=50K,1,4,3
27274,30-39,Married,40-49,Bachelors,private,Prof-specialty,Asian-Pac-Islander,Male,>50K,2,3,5
8584,50-59,Married,20-39,High School,private,Other,White,Female,<=50K,4,2,3
134,50-59,Married,40-49,High School,private,Sales,Black,Male,<=50K,4,3,3
3414,40-49,Married,40-49,High School,private,Transport-moving,Other,Male,<=50K,3,3,3
26073,Younger than 30,Married,20-39,High School,self-employed,Craft-repair,White,Male,>50K,1,2,3
19381,Younger than 30,Never married,40-49,Bachelors,private,Adm-clerical,White,Female,<=50K,1,3,5
32225,50-59,Married,40-49,High School,private,Handlers-cleaners,White,Male,<=50K,4,3,3
28032,Younger than 30,Never married,Less than 20,Higher Ed.,government,Adm-clerical,Asian-Pac-Islander,Female,<=50K,1,1,4
13746,30-39,Never married,More than 50,Bachelors,private,Exec-managerial,White,Male,<=50K,2,4,5
26600,Younger than 30,Married,40-49,Higher Ed.,private,Exec-managerial,White,Male,<=50K,1,3,4
21140,30-39,Married,40-49,Higher Ed.,government,Craft-repair,White,Male,<=50K,2,3,4
4020,Younger than 30,Never married,40-49,Bachelors,private,Prof-specialty,White,Female,<=50K,1,3,5
29189,Younger than 30,Never married,20-39,Higher Ed.,private,Sales,White,Male,<=50K,1,2,4
25791,30-39,Never married,40-49,High School,government,Transport-moving,White,Male,<=50K,2,3,3
11409,40-49,Seperated,40-49,Bachelors,private,Other-service,White,Male,<=50K,3,3,5
29719,Younger than 30,Never married,40-49,High School,private,Prof-specialty,White,Female,<=50K,1,3,3
16057,30-39,Never married,20-39,High School,private,Other-service,White,Female,<=50K,2,2,3
9225,50-59,Married,40-49,Masters,self-employed,Prof-specialty,White,Male,>50K,4,3,6
7331,50-59,Seperated,20-39,High School,private,Sales,White,Female,<=50K,4,2,3
910,30-39,Never married,More than 50,Bachelors,private,Prof-specialty,White,Male,<=50K,2,4,5
6733,40-49,Married,40-49,High School,private,Transport-moving,White,Male,>50K,3,3,3
7328,Younger than 30,Never married,More than 50,Doctorate,private,Prof-specialty,White,Female,>50K,1,4,7
31017,30-39,Married,40-49,High School,private,Craft-repair,White,Male,<=50K,2,3,3
19947,Younger than 30,Never married,40-49,High School,private,Tech-support,White,Male,<=50K,1,3,3
25834,40-49,Married,40-49,High School,private,Craft-repair,White,Male,<=50K,3,3,3
2126,50-59,Married,40-49,High School,self-employed,Exec-managerial,White,Female,>50K,4,3,3
24142,Younger than 30,Married,40-49,High School,private,Craft-repair,White,Male,>50K,1,3,3
4940,30-39,Never married,40-49,Masters,private,Prof-specialty,White,Female,<=50K,2,3,6
29356,Younger than 30,Never married,40-49,Middle School,private,Transport-moving,White,Male,<=50K,1,3,2
6151,Younger than 30,Never married,20-39,High School,private,Craft-repair,White,Male,<=50K,1,2,3
16675,30-39,Seperated,40-49,High School,private,Adm-clerical,White,Female,<=50K,2,3,3
31942,30-39,Married,More than 50,High School,private,Sales,White,Male,<=50K,2,4,3
28462,30-39,Married,40-49,Bachelors,private,Sales,White,Male,>50K,2,3,5
6251,30-39,Never married,More than 50,High School,private,Transport-moving,White,Male,<=50K,2,4,3
21951,Younger than 30,Never married,20-39,Higher Ed.,government,Adm-clerical,White,Female,<=50K,1,2,4
6133,Younger than 30,Married,More than 50,Higher Ed.,government,Adm-clerical,White,Male,<=50K,1,4,4
24135,50-59,Married,40-49,Higher Ed.,private,Sales,White,Male,>50K,4,3,4
17192,50-59,Seperated,More than 50,Bachelors,private,Exec-managerial,White,Female,>50K,4,4,5
1918,Older than 60,Married,40-49,High School,private,Craft-repair,White,Male,>50K,5,3,3
13242,Younger than 30,Never married,20-39,High School,private,Adm-clerical,White,Male,<=50K,1,2,3
20165,Younger than 30,Never married,20-39,Higher Ed.,private,Adm-clerical,White,Male,<=50K,1,2,4
6111,30-39,Married,40-49,Higher Ed.,private,Machine-op-inspct,White,Male,>50K,2,3,4
13341,40-49,Married,More than 50,Bachelors,self-employed,Sales,White,Male,>50K,3,4,5
30937,50-59,Married,40-49,High School,private,Machine-op-inspct,White,Male,>50K,4,3,3
1358,40-49,Seperated,More than 50,Bachelors,private,Handlers-cleaners,White,Male,>50K,3,4,5
18748,30-39,Married,More than 50,Higher Ed.,self-employed,Transport-moving,White,Male,>50K,2,4,4
4203,40-49,Seperated,20-39,Higher Ed.,government,Adm-clerical,White,Female,<=50K,3,2,4
12474,30-39,Married,40-49,Higher Ed.,private,Craft-repair,White,Male,<=50K,2,3,4
29769,Younger than 30,Never married,20-39,High School,private,Other-service,White,Female,<=50K,1,2,3
31899,50-59,Seperated,40-49,Higher Ed.,private,Adm-clerical,White,Female,<=50K,4,3,4
8945,40-49,Married,40-49,Bachelors,private,Sales,White,Male,<=50K,3,3,5
20614,Younger than 30,Never married,40-49,Higher Ed.,private,Prof-specialty,White,Female,<=50K,1,3,4
4221,Younger than 30,Never married,Less than 20,High School,private,Other-service,White,Female,<=50K,1,1,3
15609,50-59,Seperated,20-39,Higher Ed.,private,Adm-clerical,White,Female,<=50K,4,2,4
29760,Younger than 30,Never married,More than 50,Higher Ed.,private,Adm-clerical,White,Female,<=50K,1,4,4
6,30-39,Never married,40-49,High School,private,Adm-clerical,White,Male,<=50K,2,3,3
6354,Younger than 30,Never married,40-49,Higher Ed.,self-employed,Craft-repair,White,Male,<=50K,1,3,4
28739,Younger than 30,Never married,Less than 20,High School,private,Machine-op-inspct,White,Female,<=50K,1,1,3
14060,40-49,Married,40-49,Higher Ed.,private,Prof-specialty,White,Male,<=50K,3,3,4
2472,40-49,Married,40-49,Bachelors,private,Exec-managerial,Black,Male,>50K,3,3,5
9296,Younger than 30,Never married,40-49,Higher Ed.,private,Exec-managerial,Black,Female,<=50K,1,3,4
9191,30-39,Seperated,20-39,Higher Ed.,private,Machine-op-inspct,White,Female,<=50K,2,2,4
22556,30-39,Seperated,40-49,Higher Ed.,private,Exec-managerial,Black,Female,<=50K,2,3,4
4420,Younger than 30,Never married,40-49,High School,private,Craft-repair,White,Male,<=50K,1,3,3
19386,30-39,Married,40-49,High School,private,Transport-moving,White,Male,<=50K,2,3,3
6652,30-39,Never married,40-49,Bachelors,private,Adm-clerical,White,Female,<=50K,2,3,5
3430,40-49,Married,40-49,Higher Ed.,government,Other,White,Male,<=50K,3,3,4
26180,Younger than 30,Never married,20-39,High School,private,Transport-moving,Black,Male,<=50K,1,2,3
7346,Older than 60,Married,Less than 20,High School,private,Transport-moving,White,Male,<=50K,5,1,3
1486,30-39,Seperated,40-49,Higher Ed.,private,Adm-clerical,White,Female,<=50K,2,3,4
3463,Younger than 30,Never married,40-49,Higher Ed.,government,Adm-clerical,Black,Female,<=50K,1,3,4
19866,50-59,Married,40-49,High School,private,Handlers-cleaners,White,Male,<=50K,4,3,3
16584,Younger than 30,Never married,40-49,Higher Ed.,private,Machine-op-inspct,White,Male,<=50K,1,3,4
450,Younger than 30,Married,40-49,Doctorate,private,Prof-specialty,White,Male,>50K,1,3,7
32081,Younger than 30,Married,40-49,High School,private,Sales,White,Male,<=50K,1,3,3
1665,30-39,Married,More than 50,Masters,self-employed,Prof-specialty,Black,Male,>50K,2,4,6
24515,40-49,Married,40-49,Higher Ed.,private,Craft-repair,White,Male,>50K,3,3,4
28426,Younger than 30,Never married,20-39,Higher Ed.,private,Adm-clerical,White,Male,<=50K,1,2,4
20667,30-39,Married,40-49,Higher Ed.,private,Adm-clerical,Black,Male,>50K,2,3,4
24188,40-49,Married,40-49,Higher Ed.,private,Craft-repair,Asian-Pac-Islander,Male,<=50K,3,3,4
6499,50-59,Married,40-49,High School,private,Craft-repair,White,Male,<=50K,4,3,3
26650,Younger than 30,Never married,20-39,High School,private,Other-service,White,Male,<=50K,1,2,3
13446,50-59,Married,40-49,Higher Ed.,self-employed,Exec-managerial,White,Male,<=50K,4,3,4
10190,Younger than 30,Never married,Less than 20,High School,private,Other-service,White,Male,<=50K,1,1,3
14051,Younger than 30,Married,40-49,High School,private,Sales,White,Male,<=50K,1,3,3
20475,Younger than 30,Never married,40-49,Higher Ed.,private,Adm-clerical,White,Female,<=50K,1,3,4
12388,Younger than 30,Never married,20-39,High School,private,Other-service,White,Male,<=50K,1,2,3
23596,50-59,Married,More than 50,Masters,government,Exec-managerial,White,Male,>50K,4,4,6
17382,50-59,Married,40-49,Middle School,private,Transport-moving,Black,Male,<=50K,4,3,2
12209,30-39,Married,More than 50,Bachelors,private,Exec-managerial,White,Male,>50K,2,4,5
9302,40-49,Married,More than 50,Bachelors,private,Exec-managerial,White,Male,>50K,3,4,5
24931,Older than 60,Married,40-49,Higher Ed.,private,Exec-managerial,White,Female,<=50K,5,3,4
23305,30-39,Seperated,40-49,High School,private,Adm-clerical,White,Female,<=50K,2,3,3
2542,50-59,Married,20-39,Bachelors,private,Adm-clerical,White,Female,>50K,4,2,5
1524,40-49,Married,More than 50,Bachelors,private,Exec-managerial,White,Male,>50K,3,4,5
2870,50-59,Married,More than 50,High School,private,Craft-repair,White,Male,>50K,4,4,3
26055,30-39,Married,40-49,Higher Ed.,private,Prof-specialty,White,Male,>50K,2,3,4
13013,50-59,Never married,20-39,Bachelors,private,Sales,White,Female,<=50K,4,2,5
26770,40-49,Married,40-49,High School,private,Tech-support,Black,Male,>50K,3,3,3
2805,Older than 60,Married,More than 50,Higher Ed.,private,Prof-specialty,White,Male,>50K,5,4,4
3077,30-39,Married,40-49,Higher Ed.,self-employed,Sales,White,Male,>50K,2,3,4
19036,50-59,Married,More than 50,Bachelors,government,Prof-specialty,White,Female,>50K,4,4,5
21624,50-59,Married,40-49,High School,government,Other-service,White,Male,<=50K,4,3,3
14116,Younger than 30,Married,40-49,Higher Ed.,private,Other,White,Male,<=50K,1,3,4
25682,Younger than 30,Never married,20-39,Higher Ed.,private,Exec-managerial,Other,Male,<=50K,1,2,4
93,Older than 60,Married,More than 50,Bachelors,self-employed,Farming-fishing,White,Male,>50K,5,4,5
18567,Older than 60,Never married,20-39,Middle School,government,Other-service,White,Female,<=50K,5,2,2
13090,Older than 60,Married,40-49,High School,self-employed,Sales,White,Male,<=50K,5,3,3
26693,50-59,Never married,40-49,High School,private,Other-service,White,Female,<=50K,4,3,3
12043,40-49,Seperated,40-49,Bachelors,private,Sales,White,Male,>50K,3,3,5
30752,40-49,Married,20-39,Higher Ed.,government,Exec-managerial,White,Male,>50K,3,2,4
14492,30-39,Never married,More than 50,High School,private,Transport-moving,Black,Male,<=50K,2,4,3
9798,Younger than 30,Never married,40-49,Bachelors,private,Prof-specialty,White,Female,<=50K,1,3,5
13896,Younger than 30,Never married,40-49,High School,private,Tech-support,White,Male,<=50K,1,3,3
6019,50-59,Seperated,20-39,High School,private,Other-service,White,Female,<=50K,4,2,3
24567,Younger than 30,Never married,20-39,Higher Ed.,private,Other-service,White,Female,<=50K,1,2,4
14027,40-49,Never married,40-49,High School,private,Exec-managerial,Black,Female,<=50K,3,3,3
28828,30-39,Never married,40-49,High School,private,Prof-specialty,White,Male,<=50K,2,3,3
22597,40-49,Never married,40-49,High School,private,Adm-clerical,White,Female,<=50K,3,3,3
7636,30-39,Seperated,40-49,Higher Ed.,private,Craft-repair,White,Male,<=50K,2,3,4
29843,Older than 60,Married,20-39,High School,self-employed,Farming-fishing,White,Male,<=50K,5,2,3
22303,Younger than 30,Seperated,40-49,Bachelors,private,Craft-repair,White,Male,<=50K,1,3,5
20601,50-59,Married,40-49,High School,self-employed,Sales,White,Male,<=50K,4,3,3
2379,50-59,Married,40-49,High School,private,Transport-moving,White,Male,>50K,4,3,3
23003,30-39,Married,More than 50,Masters,private,Exec-managerial,White,Male,>50K,2,4,6
26586,50-59,Married,40-49,High School,private,Exec-managerial,White,Male,<=50K,4,3,3
7050,30-39,Married,40-49,High School,private,Prof-specialty,White,Male,>50K,2,3,3
29019,Younger than 30,Married,More than 50,High School,private,Craft-repair,White,Male,<=50K,1,4,3
31330,50-59,Married,40-49,High School,private,Craft-repair,White,Male,>50K,4,3,3
7808,30-39,Seperated,40-49,High School,private,Adm-clerical,White,Female,<=50K,2,3,3
22984,Younger than 30,Never married,40-49,High School,private,Adm-clerical,White,Female,<=50K,1,3,3
18236,40-49,Married,20-39,High School,private,Adm-clerical,Black,Female,<=50K,3,2,3
11670,40-49,Married,40-49,Masters,government,Prof-specialty,White,Male,>50K,3,3,6
29310,40-49,Married,40-49,High School,private,Craft-repair,White,Male,<=50K,3,3,3
1906,30-39,Married,40-49,Masters,private,Prof-specialty,White,Male,>50K,2,3,6
2137,50-59,Never married,More than 50,Masters,government,Exec-managerial,White,Female,>50K,4,4,6
14097,Younger than 30,Never married,Less than 20,Higher Ed.,private,Other-service,White,Male,<=50K,1,1,4
17954,50-59,Married,More than 50,Masters,government,Exec-managerial,White,Male,>50K,4,4,6
8955,30-39,Married,40-49,Higher Ed.,private,Adm-clerical,White,Female,<=50K,2,3,4
5442,50-59,Married,More than 50,Masters,self-employed,Sales,White,Male,<=50K,4,4,6
5195,30-39,Seperated,40-49,High School,private,Handlers-cleaners,White,Female,<=50K,2,3,3
31064,30-39,Never married,40-49,High School,government,Craft-repair,White,Male,<=50K,2,3,3
18921,50-59,Married,40-49,Higher Ed.,private,Tech-support,White,Male,>50K,4,3,4
9176,30-39,Married,40-49,High School,private,Craft-repair,White,Male,>50K,2,3,3
20111,50-59,Married,20-39,Doctorate,self-employed,Prof-specialty,White,Male,>50K,4,2,7
30056,30-39,Married,More than 50,High School,self-employed,Transport-moving,White,Male,<=50K,2,4,3
9692,50-59,Married,40-49,Doctorate,private,Exec-managerial,White,Male,>50K,4,3,7
199,Older than 60,Never married,40-49,High School,private,Other-service,Black,Male,<=50K,5,3,3
18640,Younger than 30,Never married,40-49,Higher Ed.,private,Adm-clerical,White,Female,<=50K,1,3,4
16658,40-49,Married,More than 50,Bachelors,self-employed,Exec-managerial,White,Male,>50K,3,4,5
27765,30-39,Married,More than 50,Higher Ed.,private,Exec-managerial,White,Male,>50K,2,4,4
6048,50-59,Married,40-49,High School,government,Farming-fishing,White,Male,<=50K,4,3,3
4474,Younger than 30,Never married,40-49,High School,private,Handlers-cleaners,White,Male,<=50K,1,3,3
8639,Older than 60,Never married,20-39,High School,government,Other-service,Black,Female,<=50K,5,2,3
16247,50-59,Never married,40-49,High School,private,Craft-repair,Black,Female,<=50K,4,3,3
19930,30-39,Married,More than 50,High School,private,Transport-moving,White,Male,<=50K,2,4,3
23025,Younger than 30,Never married,40-49,Higher Ed.,private,Exec-managerial,White,Male,<=50K,1,3,4
22569,40-49,Never married,40-49,Higher Ed.,government,Adm-clerical,White,Male,<=50K,3,3,4
10599,Younger than 30,Never married,40-49,Middle School,private,Machine-op-inspct,White,Male,<=50K,1,3,2
23810,50-59,Seperated,40-49,High School,government,Adm-clerical,White,Female,<=50K,4,3,3
18404,50-59,Married,40-49,Higher Ed.,private,Exec-managerial,White,Male,<=50K,4,3,4
10369,Younger than 30,Never married,40-49,Bachelors,private,Exec-managerial,White,Male,<=50K,1,3,5
26237,40-49,Married,40-49,Bachelors,government,Transport-moving,Black,Male,<=50K,3,3,5
15627,30-39,Married,40-49,Bachelors,private,Prof-specialty,White,Male,>50K,2,3,5
219,50-59,Married,Less than 20,Pre-school/Elementary,self-employed,Transport-moving,White,Male,<=50K,4,1,1
23302,50-59,Married,40-49,High School,private,Transport-moving,Black,Male,<=50K,4,3,3
4194,50-59,Seperated,Less than 20,Higher Ed.,private,Exec-managerial,White,Female,<=50K,4,1,4
21014,Younger than 30,Never married,20-39,High School,private,Handlers-cleaners,White,Male,<=50K,1,2,3
13621,Younger than 30,Never married,20-39,Higher Ed.,private,Exec-managerial,White,Male,<=50K,1,2,4
19500,Younger than 30,Never married,40-49,Higher Ed.,private,Adm-clerical,White,Female,<=50K,1,3,4
7191,30-39,Seperated,More than 50,Higher Ed.,government,Prof-specialty,White,Male,<=50K,2,4,4
3274,50-59,Never married,40-49,Bachelors,self-employed,Craft-repair,White,Male,<=50K,4,3,5
16159,30-39,Seperated,More than 50,High School,private,Transport-moving,White,Male,<=50K,2,4,3
11919,Older than 60,Married,40-49,Higher Ed.,private,Other,White,Male,<=50K,5,3,4
5920,50-59,Married,40-49,Masters,government,Prof-specialty,White,Male,>50K,4,3,6
19768,Younger than 30,Never married,20-39,High School,private,Other-service,White,Female,<=50K,1,2,3
2049,40-49,Married,40-49,Bachelors,self-employed,Sales,White,Male,>50K,3,3,5
15126,Younger than 30,Married,40-49,High School,private,Craft-repair,White,Male,<=50K,1,3,3
14014,Younger than 30,Never married,40-49,Higher Ed.,private,Handlers-cleaners,Asian-Pac-Islander,Male,<=50K,1,3,4
6018,Younger than 30,Never married,40-49,High School,government,Adm-clerical,Black,Male,<=50K,1,3,3
15472,50-59,Married,40-49,Higher Ed.,self-employed,Adm-clerical,White,Female,>50K,4,3,4
21468,30-39,Seperated,20-39,Higher Ed.,private,Other-service,White,Female,<=50K,2,2,4
1420,40-49,Married,More than 50,Higher Ed.,private,Craft-repair,White,Male,<=50K,3,4,4
3318,40-49,Married,40-49,Higher Ed.,government,Transport-moving,White,Male,>50K,3,3,4
29331,Younger than 30,Never married,40-49,High School,private,Other-service,White,Female,<=50K,1,3,3
30735,Younger than 30,Never married,20-39,High School,private,Handlers-cleaners,Black,Male,<=50K,1,2,3
23050,30-39,Married,40-49,High School,private,Machine-op-inspct,White,Male,>50K,2,3,3
3758,30-39,Married,40-49,Higher Ed.,private,Craft-repair,White,Male,>50K,2,3,4
8864,Younger than 30,Never married,20-39,High School,private,Other-service,White,Male,<=50K,1,2,3
11751,40-49,Married,More than 50,Higher Ed.,self-employed,Craft-repair,White,Male,<=50K,3,4,4
26497,50-59,Married,Less than 20,High School,private,Exec-managerial,White,Female,<=50K,4,1,3
30340,Younger than 30,Never married,Less than 20,Higher Ed.,private,Other-service,White,Male,<=50K,1,1,4
17632,30-39,Never married,40-49,Bachelors,private,Sales,White,Male,>50K,2,3,5
12460,40-49,Married,40-49,High School,private,Exec-managerial,White,Male,>50K,3,3,3
29114,30-39,Married,40-49,Higher Ed.,private,Craft-repair,White,Male,<=50K,2,3,4
30057,Younger than 30,Never married,Less than 20,High School,private,Other-service,White,Female,<=50K,1,1,3
25700,Younger than 30,Never married,20-39,High School,private,Craft-repair,Black,Male,<=50K,1,2,3
20352,30-39,Never married,More than 50,Higher Ed.,private,Adm-clerical,White,Male,<=50K,2,4,4
5298,Older than 60,Married,20-39,Doctorate,self-employed,Prof-specialty,White,Male,<=50K,5,2,7
528,30-39,Never married,40-49,High School,private,Machine-op-inspct,White,Male,<=50K,2,3,3
32293,30-39,Never married,40-49,High School,private,Sales,White,Male,<=50K,2,3,3
27585,30-39,Never married,40-49,Higher Ed.,private,Craft-repair,White,Male,<=50K,2,3,4
693,50-59,Married,40-49,Higher Ed.,private,Other,White,Male,>50K,4,3,4
31134,40-49,Married,40-49,Bachelors,government,Adm-clerical,White,Male,>50K,3,3,5
19641,30-39,Married,Less than 20,High School,private,Sales,White,Female,<=50K,2,1,3
7289,Younger than 30,Never married,20-39,High School,private,Other-service,Black,Male,<=50K,1,2,3
4784,50-59,Married,More than 50,High School,self-employed,Craft-repair,White,Male,<=50K,4,4,3
20015,30-39,Married,40-49,Masters,government,Exec-managerial,White,Male,>50K,2,3,6
12167,Younger than 30,Never married,20-39,Higher Ed.,private,Sales,White,Male,<=50K,1,2,4
14505,40-49,Married,More than 50,High School,private,Exec-managerial,White,Male,<=50K,3,4,3
23252,Younger than 30,Never married,40-49,High School,private,Craft-repair,Asian-Pac-Islander,Male,<=50K,1,3,3
30068,Younger than 30,Never married,40-49,Bachelors,private,Exec-managerial,White,Female,<=50K,1,3,5
10452,Younger than 30,Married,More than 50,Higher Ed.,private,Sales,White,Male,<=50K,1,4,4
16890,30-39,Married,40-49,Middle School,government,Handlers-cleaners,White,Male,<=50K,2,3,2
27199,30-39,Never married,40-49,Higher Ed.,private,Adm-clerical,White,Female,<=50K,2,3,4
20174,40-49,Married,40-49,High School,private,Machine-op-inspct,White,Male,>50K,3,3,3
32458,Older than 60,Married,40-49,Middle School,private,Craft-repair,White,Male,<=50K,5,3,2
19045,40-49,Married,40-49,Bachelors,private,Sales,White,Male,>50K,3,3,5
8401,50-59,Never married,20-39,Bachelors,private,Prof-specialty,Black,Male,<=50K,4,2,5
4219,Younger than 30,Never married,Less than 20,High School,private,Sales,White,Male,<=50K,1,1,3
28295,40-49,Never married,40-49,Higher Ed.,self-employed,Prof-specialty,White,Male,<=50K,3,3,4
10167,Younger than 30,Married,40-49,Masters,private,Prof-specialty,White,Male,>50K,1,3,6
16944,Younger than 30,Never married,20-39,Higher Ed.,private,Other-service,White,Female,<=50K,1,2,4
15649,30-39,Married,40-49,Higher Ed.,government,Adm-clerical,White,Male,<=50K,2,3,4
22383,50-59,Married,More than 50,High School,private,Exec-managerial,White,Male,<=50K,4,4,3
28494,30-39,Seperated,40-49,Higher Ed.,private,Tech-support,White,Female,<=50K,2,3,4
31082,50-59,Married,40-49,High School,private,Craft-repair,White,Male,>50K,4,3,3
26696,40-49,Never married,40-49,High School,government,Other-service,Black,Female,<=50K,3,3,3
15735,40-49,Married,40-49,Masters,government,Prof-specialty,White,Male,>50K,3,3,6
9763,30-39,Seperated,40-49,Higher Ed.,private,Exec-managerial,White,Female,<=50K,2,3,4
20435,40-49,Never married,20-39,High School,private,Sales,Other,Female,<=50K,3,2,3
29004,40-49,Married,40-49,Bachelors,private,Exec-managerial,White,Male,>50K,3,3,5
15557,30-39,Married,Less than 20,High School,private,Other-service,White,Female,<=50K,2,1,3
5376,40-49,Married,40-49,Bachelors,private,Craft-repair,White,Male,>50K,3,3,5
20777,Younger than 30,Married,40-49,Bachelors,private,Prof-specialty,White,Male,>50K,1,3,5
14425,30-39,Never married,40-49,Masters,government,Exec-managerial,White,Female,<=50K,2,3,6
5132,30-39,Seperated,20-39,High School,private,Other,Black,Female,<=50K,2,2,3
14746,Younger than 30,Never married,20-39,High School,private,Machine-op-inspct,White,Female,<=50K,1,2,3
26036,40-49,Married,40-49,High School,private,Machine-op-inspct,White,Male,<=50K,3,3,3
11438,50-59,Married,More than 50,High School,self-employed,Exec-managerial,White,Male,<=50K,4,4,3
25203,Younger than 30,Never married,More than 50,Higher Ed.,private,Adm-clerical,White,Male,<=50K,1,4,4
304,40-49,Seperated,More than 50,Masters,government,Adm-clerical,White,Male,<=50K,3,4,6
11927,50-59,Seperated,40-49,High School,private,Craft-repair,White,Male,<=50K,4,3,3
32255,Younger than 30,Never married,40-49,Middle School,government,Handlers-cleaners,White,Male,>50K,1,3,2
12899,Younger than 30,Never married,20-39,Higher Ed.,private,Prof-specialty,White,Female,<=50K,1,2,4
23730,30-39,Married,40-49,High School,private,Craft-repair,White,Male,<=50K,2,3,3
18300,30-39,Married,40-49,Bachelors,private,Sales,White,Male,<=50K,2,3,5
397,30-39,Married,More than 50,Doctorate,private,Prof-specialty,White,Male,>50K,2,4,7
539,40-49,Married,40-49,Bachelors,private,Exec-managerial,White,Male,>50K,3,3,5
2815,30-39,Married,40-49,Higher Ed.,government,Adm-clerical,White,Male,>50K,2,3,4
4862,30-39,Married,40-49,High School,private,Other-service,White,Male,<=50K,2,3,3
2918,50-59,Seperated,More than 50,Masters,private,Prof-specialty,White,Female,<=50K,4,4,6
20528,Younger than 30,Never married,40-49,Bachelors,private,Prof-specialty,White,Female,<=50K,1,3,5
17782,40-49,Married,40-49,Masters,private,Sales,White,Male,>50K,3,3,6
12370,40-49,Seperated,40-49,High School,private,Exec-managerial,White,Male,<=50K,3,3,3
21329,50-59,Married,40-49,High School,private,Craft-repair,White,Male,>50K,4,3,3
26789,Younger than 30,Never married,40-49,Higher Ed.,private,Adm-clerical,White,Female,<=50K,1,3,4
21305,Younger than 30,Never married,20-39,High School,private,Other-service,White,Male,<=50K,1,2,3
6287,Younger than 30,Never married,Less than 20,High School,private,Craft-repair,White,Male,<=50K,1,1,3
4631,Younger than 30,Never married,20-39,Bachelors,private,Tech-support,White,Female,<=50K,1,2,5
24999,40-49,Seperated,40-49,Bachelors,private,Adm-clerical,White,Female,<=50K,3,3,5
8305,Older than 60,Married,Less than 20,Higher Ed.,self-employed,Transport-moving,White,Female,>50K,5,1,4
16068,40-49,Never married,More than 50,Bachelors,government,Tech-support,White,Male,<=50K,3,4,5
1644,40-49,Married,More than 50,Bachelors,government,Prof-specialty,White,Male,>50K,3,4,5
2547,50-59,Married,More than 50,Masters,self-employed,Sales,White,Male,>50K,4,4,6
20198,30-39,Never married,More than 50,Higher Ed.,self-employed,Farming-fishing,White,Male,<=50K,2,4,4
29090,Younger than 30,Never married,20-39,Higher Ed.,private,Adm-clerical,White,Male,<=50K,1,2,4
20713,40-49,Married,More than 50,High School,self-employed,Craft-repair,White,Male,<=50K,3,4,3
8902,30-39,Married,More than 50,High School,private,Machine-op-inspct,White,Female,<=50K,2,4,3
12425,50-59,Seperated,40-49,Middle School,private,Machine-op-inspct,White,Male,<=50K,4,3,2
4710,40-49,Seperated,More than 50,Higher Ed.,self-employed,Exec-managerial,White,Male,<=50K,3,4,4
18286,40-49,Married,40-49,Masters,private,Sales,White,Male,<=50K,3,3,6
32296,30-39,Married,40-49,Bachelors,government,Other-service,White,Male,>50K,2,3,5
31914,40-49,Married,40-49,Higher Ed.,private,Adm-clerical,White,Male,>50K,3,3,4
26041,30-39,Married,20-39,Higher Ed.,private,Adm-clerical,Black,Female,<=50K,2,2,4
3834,30-39,Married,40-49,Middle School,private,Craft-repair,White,Male,<=50K,2,3,2
9220,40-49,Seperated,40-49,High School,private,Exec-managerial,Black,Female,>50K,3,3,3
6613,Younger than 30,Never married,40-49,High School,private,Craft-repair,White,Male,<=50K,1,3,3
24103,Younger than 30,Never married,20-39,Higher Ed.,private,Other-service,Black,Female,<=50K,1,2,4
1489,30-39,Seperated,20-39,Higher Ed.,private,Prof-specialty,White,Female,<=50K,2,2,4
5424,40-49,Never married,20-39,Higher Ed.,government,Adm-clerical,White,Female,<=50K,3,2,4
19840,40-49,Married,More than 50,Masters,private,Prof-specialty,White,Male,<=50K,3,4,6
13710,40-49,Never married,40-49,High School,private,Other-service,Black,Female,<=50K,3,3,3
14039,40-49,Married,40-49,High School,private,Machine-op-inspct,White,Male,<=50K,3,3,3
29602,30-39,Married,20-39,Higher Ed.,self-employed,Sales,White,Male,<=50K,2,2,4
4087,40-49,Never married,40-49,High School,private,Machine-op-inspct,White,Female,<=50K,3,3,3
475,40-49,Married,More than 50,Bachelors,private,Exec-managerial,White,Male,>50K,3,4,5
718,30-39,Married,More than 50,High School,private,Sales,White,Male,>50K,2,4,3
9166,40-49,Married,40-49,High School,private,Craft-repair,White,Male,<=50K,3,3,3
12951,30-39,Married,40-49,High School,private,Machine-op-inspct,White,Male,<=50K,2,3,3
3560,50-59,Married,More than 50,High School,self-employed,Exec-managerial,White,Male,<=50K,4,4,3
10769,Younger than 30,Married,40-49,High School,private,Craft-repair,White,Male,<=50K,1,3,3
15979,Younger than 30,Never married,20-39,Higher Ed.,government,Tech-support,White,Male,<=50K,1,2,4
3227,30-39,Never married,More than 50,High School,private,Sales,White,Male,<=50K,2,4,3
24839,50-59,Married,Less than 20,Higher Ed.,government,Adm-clerical,White,Female,<=50K,4,1,4
19290,40-49,Seperated,20-39,Higher Ed.,government,Prof-specialty,Asian-Pac-Islander,Female,<=50K,3,2,4
2113,50-59,Married,More than 50,Doctorate,self-employed,Prof-specialty,White,Male,>50K,4,4,7
19335,40-49,Married,More than 50,Higher Ed.,government,Adm-clerical,White,Male,>50K,3,4,4
13881,50-59,Seperated,40-49,Masters,private,Exec-managerial,White,Male,>50K,4,3,6
2645,30-39,Married,20-39,Bachelors,private,Prof-specialty,White,Male,>50K,2,2,5
19629,30-39,Seperated,More than 50,Higher Ed.,private,Exec-managerial,White,Male,<=50K,2,4,4
13219,30-39,Never married,40-49,High School,private,Transport-moving,White,Male,<=50K,2,3,3
21303,50-59,Married,More than 50,Bachelors,private,Exec-managerial,White,Male,>50K,4,4,5
15957,40-49,Married,40-49,Higher Ed.,private,Craft-repair,White,Male,<=50K,3,3,4
11439,30-39,Never married,40-49,Masters,self-employed,Prof-specialty,White,Male,<=50K,2,3,6
14666,40-49,Married,More than 50,Masters,government,Prof-specialty,White,Male,>50K,3,4,6
14142,40-49,Married,More than 50,Doctorate,private,Prof-specialty,White,Male,>50K,3,4,7
12042,Younger than 30,Married,20-39,Higher Ed.,private,Sales,Black,Male,<=50K,1,2,4
20385,Younger than 30,Never married,20-39,Higher Ed.,private,Handlers-cleaners,Other,Male,<=50K,1,2,4
17862,30-39,Never married,40-49,Higher Ed.,government,Adm-clerical,Black,Male,<=50K,2,3,4
27974,30-39,Married,More than 50,Higher Ed.,private,Craft-repair,White,Male,<=50K,2,4,4
14018,30-39,Seperated,40-49,Masters,private,Prof-specialty,White,Male,<=50K,2,3,6
18007,Older than 60,Never married,20-39,Higher Ed.,private,Other-service,White,Female,<=50K,5,2,4
13806,30-39,Married,More than 50,Higher Ed.,government,Other,White,Male,<=50K,2,4,4
26214,50-59,Married,More than 50,Middle School,self-employed,Machine-op-inspct,White,Male,<=50K,4,4,2
532,Younger than 30,Never married,40-49,High School,government,Adm-clerical,White,Female,<=50K,1,3,3
12087,30-39,Married,20-39,High School,private,Other-service,Black,Male,<=50K,2,2,3
27876,Younger than 30,Married,40-49,High School,private,Sales,White,Male,<=50K,1,3,3
18794,Younger than 30,Never married,40-49,Higher Ed.,private,Handlers-cleaners,White,Male,<=50K,1,3,4
19886,40-49,Never married,40-49,High School,private,Adm-clerical,White,Female,<=50K,3,3,3
7510,Older than 60,Married,20-39,Bachelors,private,Transport-moving,White,Male,<=50K,5,2,5
14514,40-49,Never married,40-49,Higher Ed.,private,Exec-managerial,White,Female,>50K,3,3,4
1285,Younger than 30,Never married,40-49,Bachelors,private,Prof-specialty,Other,Female,<=50K,1,3,5
4009,Younger than 30,Never married,40-49,High School,private,Handlers-cleaners,Black,Male,<=50K,1,3,3
27424,40-49,Seperated,40-49,Bachelors,self-employed,Prof-specialty,White,Male,<=50K,3,3,5
11801,30-39,Seperated,40-49,Higher Ed.,private,Other-service,White,Female,<=50K,2,3,4
14800,Older than 60,Married,More than 50,Bachelors,self-employed,Sales,White,Male,<=50K,5,4,5
12000,30-39,Seperated,More than 50,Higher Ed.,private,Machine-op-inspct,White,Male,<=50K,2,4,4
12275,30-39,Seperated,More than 50,High School,private,Other-service,White,Female,<=50K,2,4,3
31940,Younger than 30,Never married,Less than 20,Bachelors,private,Prof-specialty,White,Female,<=50K,1,1,5
6583,30-39,Never married,40-49,High School,private,Adm-clerical,White,Female,<=50K,2,3,3
18645,Younger than 30,Never married,40-49,Higher Ed.,private,Other-service,Black,Female,<=50K,1,3,4
16737,Younger than 30,Never married,20-39,Higher Ed.,private,Other-service,White,Male,<=50K,1,2,4
4685,40-49,Seperated,More than 50,Higher Ed.,private,Machine-op-inspct,White,Male,>50K,3,4,4
3745,40-49,Married,40-49,High School,private,Exec-managerial,White,Female,>50K,3,3,3
22292,30-39,Married,More than 50,Higher Ed.,private,Machine-op-inspct,White,Male,<=50K,2,4,4
3888,Younger than 30,Married,40-49,High School,private,Machine-op-inspct,White,Male,<=50K,1,3,3
17869,Younger than 30,Never married,20-39,High School,private,Other-service,White,Female,<=50K,1,2,3
7276,50-59,Married,20-39,Higher Ed.,government,Craft-repair,White,Male,<=50K,4,2,4
26413,Younger than 30,Never married,20-39,High School,private,Other-service,Black,Female,<=50K,1,2,3
24503,30-39,Married,More than 50,High School,self-employed,Exec-managerial,White,Male,<=50K,2,4,3
24389,40-49,Seperated,40-49,Bachelors,self-employed,Sales,White,Male,<=50K,3,3,5
15426,50-59,Seperated,40-49,High School,private,Adm-clerical,White,Female,<=50K,4,3,3
13402,30-39,Married,40-49,Bachelors,private,Exec-managerial,White,Male,>50K,2,3,5
14739,Older than 60,Never married,40-49,High School,private,Sales,White,Female,>50K,5,3,3
13033,30-39,Married,More than 50,Bachelors,private,Adm-clerical,Asian-Pac-Islander,Male,<=50K,2,4,5
17646,Younger than 30,Never married,40-49,Higher Ed.,private,Machine-op-inspct,Asian-Pac-Islander,Male,<=50K,1,3,4
16044,Younger than 30,Never married,40-49,Higher Ed.,self-employed,Exec-managerial,Asian-Pac-Islander,Male,<=50K,1,3,4
8146,40-49,Married,40-49,High School,private,Sales,White,Male,<=50K,3,3,3
13350,30-39,Seperated,40-49,High School,private,Adm-clerical,White,Female,<=50K,2,3,3
25304,30-39,Never married,More than 50,High School,private,Adm-clerical,White,Male,<=50K,2,4,3
13255,40-49,Seperated,40-49,Masters,self-employed,Handlers-cleaners,White,Male,<=50K,3,3,6
10867,40-49,Never married,40-49,High School,private,Sales,Black,Female,<=50K,3,3,3
3345,30-39,Married,40-49,High School,private,Craft-repair,Black,Male,<=50K,2,3,3
31293,Younger than 30,Never married,More than 50,High School,private,Transport-moving,White,Male,<=50K,1,4,3
28842,Younger than 30,Never married,40-49,High School,private,Machine-op-inspct,White,Male,<=50K,1,3,3
1976,40-49,Married,More than 50,Bachelors,private,Exec-managerial,White,Male,>50K,3,4,5
288,Younger than 30,Married,40-49,Higher Ed.,private,Craft-repair,White,Male,<=50K,1,3,4
4539,Younger than 30,Married,40-49,High School,self-employed,Craft-repair,White,Male,<=50K,1,3,3
279,Older than 60,Married,20-39,High School,private,Other,White,Male,<=50K,5,2,3
19385,40-49,Never married,40-49,High School,private,Craft-repair,White,Male,<=50K,3,3,3
4004,Younger than 30,Never married,40-49,Middle School,private,Other,White,Female,<=50K,1,3,2
23578,40-49,Married,Less than 20,Bachelors,self-employed,Craft-repair,White,Male,<=50K,3,1,5
4716,30-39,Married,40-49,High School,private,Machine-op-inspct,White,Male,<=50K,2,3,3
3479,50-59,Married,40-49,High School,private,Machine-op-inspct,Black,Male,<=50K,4,3,3
7869,30-39,Never married,More than 50,Higher Ed.,self-employed,Farming-fishing,White,Male,<=50K,2,4,4
27387,Younger than 30,Never married,40-49,Higher Ed.,private,Handlers-cleaners,White,Male,<=50K,1,3,4
29830,30-39,Married,40-49,High School,private,Machine-op-inspct,White,Male,<=50K,2,3,3
15986,Younger than 30,Never married,40-49,High School,private,Other-service,Black,Male,<=50K,1,3,3
18219,Younger than 30,Never married,Less than 20,High School,private,Handlers-cleaners,White,Male,<=50K,1,1,3
30407,Younger than 30,Never married,40-49,Bachelors,private,Adm-clerical,White,Female,<=50K,1,3,5
15737,Younger than 30,Never married,More than 50,High School,private,Other-service,White,Male,<=50K,1,4,3
27149,Younger than 30,Never married,20-39,High School,private,Adm-clerical,White,Male,<=50K,1,2,3
10041,Older than 60,Married,40-49,High School,private,Machine-op-inspct,White,Male,<=50K,5,3,3
4493,40-49,Never married,20-39,Higher Ed.,private,Prof-specialty,White,Female,<=50K,3,2,4
18228,Younger than 30,Never married,40-49,Higher Ed.,private,Exec-managerial,White,Male,<=50K,1,3,4
25611,40-49,Married,40-49,Pre-school/Elementary,private,Craft-repair,White,Male,<=50K,3,3,1
13717,Younger than 30,Married,20-39,Higher Ed.,private,Sales,White,Female,<=50K,1,2,4
9780,40-49,Married,40-49,High School,private,Other-service,Black,Male,<=50K,3,3,3
1941,40-49,Married,40-49,Bachelors,private,Tech-support,White,Male,>50K,3,3,5
6420,Younger than 30,Never married,40-49,High School,government,Exec-managerial,Black,Female,<=50K,1,3,3
16124,Younger than 30,Never married,20-39,Bachelors,government,Prof-specialty,White,Male,<=50K,1,2,5
21174,30-39,Seperated,20-39,High School,private,Other-service,White,Female,<=50K,2,2,3
1734,Older than 60,Married,40-49,High School,self-employed,Farming-fishing,White,Female,<=50K,5,3,3
28361,40-49,Never married,40-49,High School,private,Transport-moving,White,Male,<=50K,3,3,3
4266,30-39,Married,40-49,High School,private,Machine-op-inspct,White,Male,<=50K,2,3,3
25519,30-39,Married,40-49,Bachelors,private,Sales,White,Male,>50K,2,3,5
24829,30-39,Never married,40-49,Bachelors,private,Prof-specialty,White,Male,>50K,2,3,5
15084,Younger than 30,Never married,40-49,Bachelors,private,Exec-managerial,White,Male,<=50K,1,3,5
29491,30-39,Married,More than 50,Masters,private,Exec-managerial,White,Male,>50K,2,4,6
16004,50-59,Married,40-49,Higher Ed.,private,Other,White,Male,>50K,4,3,4
3889,Younger than 30,Married,40-49,Middle School,self-employed,Craft-repair,White,Male,<=50K,1,3,2
15696,30-39,Married,40-49,Higher Ed.,private,Transport-moving,White,Male,<=50K,2,3,4
26556,30-39,Seperated,40-49,Bachelors,private,Adm-clerical,White,Female,<=50K,2,3,5
7580,30-39,Seperated,40-49,High School,private,Exec-managerial,White,Male,<=50K,2,3,3
31332,30-39,Married,More than 50,Bachelors,private,Exec-managerial,White,Male,>50K,2,4,5
24945,30-39,Never married,40-49,High School,private,Exec-managerial,White,Female,<=50K,2,3,3
19785,40-49,Married,40-49,Higher Ed.,government,Farming-fishing,White,Male,<=50K,3,3,4
6751,50-59,Seperated,40-49,High School,private,Craft-repair,Black,Male,<=50K,4,3,3
18641,30-39,Seperated,40-49,Higher Ed.,private,Craft-repair,White,Male,<=50K,2,3,4
18538,Younger than 30,Never married,Less than 20,High School,private,Sales,White,Female,<=50K,1,1,3
7065,40-49,Never married,20-39,High School,private,Other-service,White,Female,<=50K,3,2,3
21319,50-59,Never married,40-49,Higher Ed.,private,Other-service,White,Female,<=50K,4,3,4
29326,50-59,Married,More than 50,High School,self-employed,Craft-repair,White,Male,<=50K,4,4,3
22252,30-39,Married,40-49,Higher Ed.,government,Tech-support,White,Male,<=50K,2,3,4
25200,Older than 60,Married,More than 50,High School,private,Transport-moving,White,Male,>50K,5,4,3
15851,40-49,Seperated,40-49,High School,private,Adm-clerical,Black,Male,<=50K,3,3,3
4942,30-39,Never married,40-49,High School,private,Adm-clerical,White,Female,<=50K,2,3,3
31702,40-49,Seperated,40-49,High School,private,Adm-clerical,White,Female,<=50K,3,3,3
31938,30-39,Seperated,40-49,Higher Ed.,private,Handlers-cleaners,White,Female,<=50K,2,3,4
15428,Younger than 30,Married,40-49,Higher Ed.,private,Sales,White,Male,<=50K,1,3,4
27935,30-39,Married,Less than 20,Masters,government,Prof-specialty,Asian-Pac-Islander,Male,<=50K,2,1,6
16729,30-39,Married,More than 50,High School,self-employed,Sales,White,Male,<=50K,2,4,3
14343,40-49,Married,More than 50,Bachelors,self-employed,Prof-specialty,White,Male,<=50K,3,4,5
12026,Older than 60,Seperated,20-39,High School,private,Sales,White,Male,<=50K,5,2,3
24002,Younger than 30,Married,40-49,High School,private,Transport-moving,White,Male,<=50K,1,3,3
31018,40-49,Never married,40-49,Bachelors,government,Prof-specialty,White,Female,<=50K,3,3,5
10527,30-39,Never married,40-49,Bachelors,government,Adm-clerical,Black,Female,<=50K,2,3,5
2326,30-39,Seperated,40-49,High School,private,Transport-moving,White,Male,>50K,2,3,3
31478,50-59,Never married,40-49,Higher Ed.,private,Exec-managerial,Black,Female,<=50K,4,3,4
14783,40-49,Never married,20-39,High School,government,Other-service,White,Female,<=50K,3,2,3
19759,Younger than 30,Never married,40-49,Higher Ed.,private,Adm-clerical,White,Male,<=50K,1,3,4
9865,50-59,Married,40-49,High School,government,Prof-specialty,White,Male,>50K,4,3,3
12390,Younger than 30,Married,40-49,High School,private,Craft-repair,White,Male,<=50K,1,3,3
19280,40-49,Married,40-49,High School,private,Machine-op-inspct,White,Male,<=50K,3,3,3
31003,Older than 60,Seperated,40-49,High School,private,Other-service,White,Female,<=50K,5,3,3
19934,30-39,Married,40-49,High School,government,Other,White,Male,<=50K,2,3,3
23829,Younger than 30,Never married,Less than 20,High School,private,Sales,White,Female,<=50K,1,1,3
17799,40-49,Married,40-49,Higher Ed.,private,Sales,White,Male,<=50K,3,3,4
16143,30-39,Never married,More than 50,Bachelors,private,Exec-managerial,White,Female,<=50K,2,4,5
32148,30-39,Never married,40-49,Bachelors,private,Adm-clerical,White,Female,<=50K,2,3,5
24344,40-49,Married,40-49,Higher Ed.,private,Craft-repair,White,Male,<=50K,3,3,4
28935,40-49,Married,40-49,Higher Ed.,self-employed,Farming-fishing,White,Male,<=50K,3,3,4
21316,Younger than 30,Never married,More than 50,Bachelors,private,Sales,White,Female,<=50K,1,4,5
20559,Younger than 30,Married,More than 50,High School,self-employed,Craft-repair,White,Male,<=50K,1,4,3
15911,30-39,Married,40-49,High School,private,Machine-op-inspct,White,Male,<=50K,2,3,3
28890,40-49,Married,More than 50,Bachelors,private,Prof-specialty,White,Male,>50K,3,4,5
2021,40-49,Married,More than 50,Masters,self-employed,Exec-managerial,White,Male,>50K,3,4,6
10901,30-39,Seperated,More than 50,High School,private,Tech-support,White,Female,<=50K,2,4,3
20853,40-49,Married,40-49,High School,private,Craft-repair,White,Male,<=50K,3,3,3
5193,30-39,Never married,20-39,Bachelors,government,Adm-clerical,White,Male,<=50K,2,2,5
18485,30-39,Married,40-49,High School,private,Sales,White,Female,<=50K,2,3,3
8684,Younger than 30,Married,40-49,High School,private,Machine-op-inspct,Black,Male,<=50K,1,3,3
23770,Younger than 30,Never married,Less than 20,High School,private,Sales,White,Female,<=50K,1,1,3
25550,Younger than 30,Never married,More than 50,Bachelors,private,Tech-support,White,Male,<=50K,1,4,5
27698,40-49,Seperated,20-39,High School,private,Adm-clerical,White,Female,<=50K,3,2,3
12318,50-59,Married,40-49,Higher Ed.,private,Exec-managerial,White,Male,<=50K,4,3,4
2885,30-39,Married,40-49,Higher Ed.,private,Transport-moving,White,Male,>50K,2,3,4
19850,30-39,Married,40-49,Masters,government,Exec-managerial,White,Male,<=50K,2,3,6
20682,Younger than 30,Never married,40-49,Bachelors,government,Prof-specialty,White,Female,<=50K,1,3,5
20071,50-59,Married,More than 50,Higher Ed.,government,Tech-support,White,Male,<=50K,4,4,4
13643,50-59,Seperated,40-49,Higher Ed.,private,Exec-managerial,White,Female,<=50K,4,3,4
24228,40-49,Married,40-49,High School,private,Adm-clerical,White,Male,<=50K,3,3,3
27790,30-39,Never married,40-49,Pre-school/Elementary,private,Other-service,Other,Female,<=50K,2,3,1
20223,Younger than 30,Never married,20-39,High School,private,Sales,White,Male,<=50K,1,2,3
27119,40-49,Married,40-49,Higher Ed.,private,Adm-clerical,White,Male,>50K,3,3,4
22424,50-59,Married,40-49,High School,private,Adm-clerical,White,Male,>50K,4,3,3
24862,Younger than 30,Never married,20-39,Higher Ed.,private,Handlers-cleaners,White,Male,<=50K,1,2,4
15718,50-59,Never married,More than 50,Bachelors,private,Other-service,White,Female,<=50K,4,4,5
1621,40-49,Married,More than 50,Doctorate,private,Prof-specialty,White,Male,>50K,3,4,7
1479,50-59,Seperated,40-49,High School,government,Exec-managerial,White,Male,<=50K,4,3,3
928,30-39,Never married,40-49,Bachelors,government,Prof-specialty,White,Male,<=50K,2,3,5
28057,40-49,Married,40-49,High School,private,Craft-repair,White,Male,>50K,3,3,3
2385,40-49,Married,40-49,High School,self-employed,Exec-managerial,White,Male,>50K,3,3,3
8147,Older than 60,Married,40-49,High School,private,Transport-moving,White,Male,>50K,5,3,3
17999,50-59,Married,40-49,Higher Ed.,private,Craft-repair,White,Male,>50K,4,3,4
18635,30-39,Never married,40-49,High School,private,Handlers-cleaners,White,Male,<=50K,2,3,3
16533,40-49,Married,40-49,High School,private,Craft-repair,Black,Female,>50K,3,3,3
28870,30-39,Married,40-49,High School,private,Craft-repair,White,Male,>50K,2,3,3
27466,Younger than 30,Never married,20-39,Higher Ed.,private,Handlers-cleaners,Black,Male,<=50K,1,2,4
17139,40-49,Married,More than 50,Doctorate,private,Prof-specialty,White,Male,>50K,3,4,7
21380,50-59,Seperated,40-49,High School,private,Transport-moving,Black,Male,<=50K,4,3,3
24780,50-59,Seperated,40-49,Higher Ed.,private,Adm-clerical,White,Female,<=50K,4,3,4
30973,Younger than 30,Never married,20-39,High School,private,Farming-fishing,White,Male,<=50K,1,2,3
18580,50-59,Seperated,20-39,High School,private,Other-service,White,Female,<=50K,4,2,3
23029,30-39,Married,More than 50,Higher Ed.,private,Exec-managerial,White,Male,>50K,2,4,4
29849,Younger than 30,Never married,Less than 20,Higher Ed.,private,Adm-clerical,White,Female,<=50K,1,1,4
12795,40-49,Never married,20-39,High School,private,Craft-repair,White,Male,<=50K,3,2,3
3432,30-39,Married,More than 50,High School,private,Craft-repair,White,Male,<=50K,2,4,3
11630,30-39,Seperated,20-39,Higher Ed.,government,Adm-clerical,White,Female,<=50K,2,2,4
31744,40-49,Married,40-49,High School,private,Sales,White,Male,<=50K,3,3,3
25910,Younger than 30,Never married,40-49,High School,private,Machine-op-inspct,White,Male,<=50K,1,3,3
20537,Older than 60,Married,20-39,High School,government,Exec-managerial,White,Male,<=50K,5,2,3
16186,Younger than 30,Never married,More than 50,Higher Ed.,private,Transport-moving,White,Male,<=50K,1,4,4
12129,50-59,Seperated,40-49,Bachelors,private,Exec-managerial,White,Male,>50K,4,3,5
359,40-49,Married,40-49,Masters,government,Exec-managerial,White,Male,>50K,3,3,6
4700,40-49,Married,40-49,Higher Ed.,private,Transport-moving,White,Male,<=50K,3,3,4
384,50-59,Married,40-49,High School,self-employed,Exec-managerial,White,Male,>50K,4,3,3
20462,40-49,Married,40-49,Bachelors,private,Exec-managerial,White,Male,<=50K,3,3,5
17376,Younger than 30,Never married,40-49,Bachelors,private,Adm-clerical,White,Female,<=50K,1,3,5
6865,40-49,Seperated,40-49,Bachelors,private,Sales,White,Female,<=50K,3,3,5
24986,30-39,Never married,40-49,Bachelors,government,Adm-clerical,White,Male,<=50K,2,3,5
21610,30-39,Married,40-49,Middle School,private,Craft-repair,White,Male,<=50K,2,3,2
30291,30-39,Married,More than 50,High School,private,Farming-fishing,White,Male,<=50K,2,4,3
13557,40-49,Never married,40-49,Higher Ed.,government,Tech-support,White,Female,>50K,3,3,4
27073,Younger than 30,Never married,20-39,High School,government,Other,White,Male,<=50K,1,2,3
30983,30-39,Never married,More than 50,Doctorate,private,Prof-specialty,White,Female,<=50K,2,4,7
31904,Older than 60,Never married,20-39,Middle School,self-employed,Farming-fishing,White,Male,<=50K,5,2,2
29155,Younger than 30,Never married,More than 50,Higher Ed.,private,Sales,White,Male,<=50K,1,4,4
7105,30-39,Seperated,40-49,High School,private,Adm-clerical,White,Female,<=50K,2,3,3
29607,Older than 60,Married,20-39,High School,self-employed,Farming-fishing,White,Male,<=50K,5,2,3
24775,Younger than 30,Never married,Less than 20,Higher Ed.,private,Adm-clerical,White,Female,<=50K,1,1,4
26103,30-39,Married,40-49,Higher Ed.,self-employed,Sales,White,Male,>50K,2,3,4
8626,40-49,Seperated,40-49,Bachelors,private,Other,White,Male,<=50K,3,3,5
28880,30-39,Married,More than 50,Higher Ed.,private,Craft-repair,White,Male,<=50K,2,4,4
31274,40-49,Married,40-49,Higher Ed.,private,Other-service,White,Male,<=50K,3,3,4
14161,Younger than 30,Never married,20-39,High School,private,Handlers-cleaners,White,Male,<=50K,1,2,3
12516,40-49,Never married,40-49,High School,private,Craft-repair,White,Male,<=50K,3,3,3
2531,40-49,Married,40-49,Bachelors,self-employed,Exec-managerial,White,Male,>50K,3,3,5
16701,50-59,Married,40-49,Higher Ed.,private,Tech-support,White,Male,<=50K,4,3,4
11441,30-39,Never married,More than 50,High School,private,Transport-moving,Amer-Indian-Eskimo,Male,<=50K,2,4,3
28394,30-39,Married,40-49,High School,private,Transport-moving,White,Male,<=50K,2,3,3
21166,30-39,Married,40-49,High School,private,Sales,White,Male,<=50K,2,3,3
15117,Younger than 30,Married,More than 50,High School,private,Transport-moving,White,Male,<=50K,1,4,3
10891,Older than 60,Married,40-49,Higher Ed.,private,Sales,White,Male,<=50K,5,3,4
4271,50-59,Married,40-49,Bachelors,government,Prof-specialty,Black,Male,>50K,4,3,5
6456,50-59,Married,More than 50,High School,private,Transport-moving,White,Male,>50K,4,4,3
31584,30-39,Married,More than 50,Masters,private,Exec-managerial,White,Male,>50K,2,4,6
23472,30-39,Married,More than 50,High School,private,Craft-repair,White,Male,<=50K,2,4,3
12779,50-59,Married,40-49,Masters,government,Prof-specialty,White,Female,>50K,4,3,6
13719,Older than 60,Never married,40-49,High School,private,Adm-clerical,White,Female,<=50K,5,3,3
27376,Older than 60,Married,More than 50,High School,self-employed,Farming-fishing,Amer-Indian-Eskimo,Male,<=50K,5,4,3
5765,Older than 60,Married,40-49,Middle School,private,Handlers-cleaners,White,Female,<=50K,5,3,2
31583,40-49,Married,20-39,Bachelors,government,Prof-specialty,White,Male,<=50K,3,2,5
16399,Younger than 30,Never married,Less than 20,Higher Ed.,private,Prof-specialty,White,Female,<=50K,1,1,4
23509,30-39,Married,40-49,High School,private,Craft-repair,White,Male,<=50K,2,3,3
5279,Older than 60,Married,40-49,High School,government,Other,White,Male,<=50K,5,3,3
3830,Younger than 30,Married,40-49,High School,private,Adm-clerical,White,Female,<=50K,1,3,3
4736,50-59,Never married,40-49,Bachelors,government,Prof-specialty,White,Female,<=50K,4,3,5
7781,50-59,Married,More than 50,High School,private,Other-service,White,Male,<=50K,4,4,3
14807,Younger than 30,Never married,40-49,High School,private,Adm-clerical,White,Female,<=50K,1,3,3
876,30-39,Married,40-49,High School,private,Exec-managerial,White,Male,>50K,2,3,3
20707,30-39,Married,20-39,Higher Ed.,private,Transport-moving,White,Female,<=50K,2,2,4
28445,Older than 60,Never married,More than 50,Middle School,private,Other,Asian-Pac-Islander,Female,<=50K,5,4,2
20459,50-59,Married,40-49,High School,private,Craft-repair,White,Male,<=50K,4,3,3
14205,30-39,Married,40-49,Bachelors,government,Prof-specialty,White,Male,>50K,2,3,5
3943,30-39,Never married,40-49,Higher Ed.,private,Tech-support,White,Female,<=50K,2,3,4
6614,40-49,Married,40-49,Bachelors,private,Transport-moving,White,Male,>50K,3,3,5
27578,Younger than 30,Never married,20-39,High School,government,Other-service,White,Male,<=50K,1,2,3
7724,Younger than 30,Seperated,40-49,High School,private,Other-service,White,Female,<=50K,1,3,3
3521,30-39,Married,More than 50,High School,private,Machine-op-inspct,White,Male,<=50K,2,4,3
3310,50-59,Married,More than 50,Doctorate,government,Prof-specialty,White,Male,>50K,4,4,7
13732,40-49,Married,40-49,High School,private,Craft-repair,White,Male,>50K,3,3,3
20872,50-59,Married,Less than 20,High School,private,Prof-specialty,White,Female,<=50K,4,1,3
21506,Younger than 30,Never married,20-39,Bachelors,government,Prof-specialty,White,Male,<=50K,1,2,5
1527,Younger than 30,Never married,40-49,High School,self-employed,Prof-specialty,White,Female,>50K,1,3,3
29696,40-49,Married,40-49,Higher Ed.,private,Prof-specialty,Black,Male,>50K,3,3,4
16178,Younger than 30,Never married,20-39,Doctorate,private,Prof-specialty,White,Female,<=50K,1,2,7
13861,Younger than 30,Married,More than 50,Higher Ed.,private,Exec-managerial,White,Male,<=50K,1,4,4
13890,Older than 60,Married,More than 50,High School,self-employed,Farming-fishing,White,Male,<=50K,5,4,3
15977,Younger than 30,Married,More than 50,Higher Ed.,self-employed,Farming-fishing,White,Male,<=50K,1,4,4
27420,50-59,Seperated,20-39,Doctorate,self-employed,Prof-specialty,White,Female,<=50K,4,2,7
14255,Younger than 30,Never married,20-39,High School,private,Sales,White,Female,<=50K,1,2,3
6881,40-49,Never married,40-49,Bachelors,government,Adm-clerical,White,Female,<=50K,3,3,5
16430,Younger than 30,Never married,20-39,High School,private,Handlers-cleaners,White,Male,<=50K,1,2,3
28222,Younger than 30,Never married,40-49,Bachelors,private,Prof-specialty,White,Male,<=50K,1,3,5
27939,Younger than 30,Never married,20-39,Higher Ed.,private,Tech-support,Black,Male,<=50K,1,2,4
13792,30-39,Married,More than 50,Doctorate,government,Prof-specialty,White,Male,<=50K,2,4,7
9328,50-59,Married,More than 50,High School,private,Machine-op-inspct,White,Male,<=50K,4,4,3
30350,30-39,Seperated,40-49,Higher Ed.,government,Other,White,Male,>50K,2,3,4
31179,50-59,Married,40-49,High School,private,Adm-clerical,White,Female,<=50K,4,3,3
19965,Younger than 30,Never married,40-49,Bachelors,private,Exec-managerial,White,Female,<=50K,1,3,5
12229,30-39,Never married,40-49,High School,private,Other-service,White,Female,<=50K,2,3,3
3788,Younger than 30,Never married,More than 50,High School,private,Craft-repair,White,Male,<=50K,1,4,3
10177,40-49,Married,40-49,Bachelors,private,Sales,White,Female,>50K,3,3,5
11172,30-39,Married,40-49,High School,private,Handlers-cleaners,White,Male,>50K,2,3,3
819,Younger than 30,Married,20-39,High School,private,Machine-op-inspct,White,Male,>50K,1,2,3
2779,40-49,Married,20-39,Doctorate,private,Prof-specialty,White,Male,>50K,3,2,7
22337,40-49,Married,More than 50,Bachelors,self-employed,Prof-specialty,White,Male,<=50K,3,4,5
18788,Younger than 30,Never married,20-39,Higher Ed.,private,Sales,White,Female,<=50K,1,2,4
24139,30-39,Married,40-49,Higher Ed.,private,Exec-managerial,White,Male,>50K,2,3,4
8570,Younger than 30,Never married,40-49,Middle School,private,Handlers-cleaners,White,Male,<=50K,1,3,2
2282,Older than 60,Seperated,40-49,High School,government,Exec-managerial,White,Male,>50K,5,3,3
8126,Younger than 30,Married,More than 50,Higher Ed.,private,Craft-repair,White,Male,<=50K,1,4,4
23713,Younger than 30,Married,20-39,High School,private,Sales,Black,Male,<=50K,1,2,3
4832,Younger than 30,Never married,40-49,Higher Ed.,private,Machine-op-inspct,Black,Female,<=50K,1,3,4
6337,Younger than 30,Never married,40-49,Higher Ed.,private,Craft-repair,White,Male,<=50K,1,3,4
21978,50-59,Never married,More than 50,Higher Ed.,self-employed,Other-service,White,Male,<=50K,4,4,4
29892,30-39,Never married,40-49,Higher Ed.,private,Tech-support,Black,Female,<=50K,2,3,4
14496,Older than 60,Never married,Less than 20,High School,private,Other-service,White,Female,<=50K,5,1,3
23251,Younger than 30,Never married,40-49,Higher Ed.,private,Farming-fishing,White,Female,<=50K,1,3,4
21785,40-49,Married,40-49,Bachelors,self-employed,Exec-managerial,White,Male,>50K,3,3,5
2492,40-49,Married,40-49,Bachelors,private,Exec-managerial,White,Male,>50K,3,3,5
21486,Younger than 30,Married,40-49,Higher Ed.,private,Craft-repair,White,Male,>50K,1,3,4
26662,Younger than 30,Never married,40-49,High School,private,Handlers-cleaners,White,Male,<=50K,1,3,3
12855,30-39,Married,More than 50,High School,private,Transport-moving,White,Male,>50K,2,4,3
9999,40-49,Never married,40-49,Higher Ed.,private,Adm-clerical,White,Male,<=50K,3,3,4
17285,40-49,Seperated,20-39,Higher Ed.,private,Adm-clerical,White,Female,<=50K,3,2,4
25518,Younger than 30,Never married,40-49,Bachelors,private,Exec-managerial,White,Female,<=50K,1,3,5
11013,30-39,Married,40-49,High School,private,Machine-op-inspct,White,Male,<=50K,2,3,3
8906,Younger than 30,Never married,20-39,High School,private,Other-service,White,Male,<=50K,1,2,3
11031,40-49,Seperated,40-49,High School,private,Prof-specialty,White,Female,<=50K,3,3,3
12972,Younger than 30,Married,40-49,High School,private,Craft-repair,White,Male,<=50K,1,3,3
19825,50-59,Seperated,20-39,Middle School,private,Other-service,White,Male,<=50K,4,2,2
6626,50-59,Married,20-39,Higher Ed.,private,Prof-specialty,White,Male,<=50K,4,2,4
14009,Younger than 30,Married,40-49,High School,private,Transport-moving,White,Male,<=50K,1,3,3
27107,Younger than 30,Never married,Less than 20,Higher Ed.,private,Other-service,White,Female,<=50K,1,1,4
4478,50-59,Married,40-49,Middle School,private,Craft-repair,White,Male,<=50K,4,3,2
16798,Younger than 30,Married,40-49,Higher Ed.,private,Adm-clerical,Amer-Indian-Eskimo,Female,<=50K,1,3,4
175,Younger than 30,Never married,More than 50,High School,self-employed,Craft-repair,White,Male,<=50K,1,4,3
19462,50-59,Married,40-49,High School,private,Craft-repair,White,Male,<=50K,4,3,3
25349,30-39,Married,More than 50,Bachelors,private,Exec-managerial,White,Male,>50K,2,4,5
10961,Younger than 30,Never married,More than 50,Middle School,private,Other-service,White,Male,>50K,1,4,2
19226,50-59,Married,40-49,High School,private,Transport-moving,White,Male,<=50K,4,3,3
810,30-39,Married,40-49,High School,self-employed,Sales,White,Male,>50K,2,3,3
18797,Younger than 30,Never married,40-49,Higher Ed.,private,Sales,White,Female,<=50K,1,3,4
10612,30-39,Married,40-49,High School,private,Craft-repair,Black,Male,<=50K,2,3,3
318,30-39,Never married,40-49,High School,private,Machine-op-inspct,Black,Male,<=50K,2,3,3
6599,40-49,Seperated,More than 50,Higher Ed.,private,Sales,White,Male,<=50K,3,4,4
23918,50-59,Seperated,40-49,Higher Ed.,private,Craft-repair,Black,Male,<=50K,4,3,4
3987,Younger than 30,Never married,Less than 20,High School,private,Handlers-cleaners,White,Male,<=50K,1,1,3
1987,50-59,Married,40-49,Higher Ed.,self-employed,Exec-managerial,White,Male,>50K,4,3,4
16866,Younger than 30,Never married,40-49,High School,self-employed,Craft-repair,White,Male,<=50K,1,3,3
5231,40-49,Married,40-49,High School,government,Other,White,Male,<=50K,3,3,3
15776,40-49,Seperated,40-49,Higher Ed.,private,Adm-clerical,White,Female,<=50K,3,3,4
15715,30-39,Married,More than 50,High School,self-employed,Craft-repair,White,Male,>50K,2,4,3
22805,Younger than 30,Married,More than 50,Masters,private,Prof-specialty,White,Male,<=50K,1,4,6
25175,40-49,Married,40-49,Bachelors,private,Sales,White,Male,>50K,3,3,5
14254,50-59,Never married,40-49,High School,private,Other,White,Female,<=50K,4,3,3
25517,Younger than 30,Never married,40-49,High School,private,Other-service,White,Female,<=50K,1,3,3
16998,Younger than 30,Never married,40-49,High School,private,Adm-clerical,White,Female,<=50K,1,3,3
2092,50-59,Married,40-49,Higher Ed.,private,Craft-repair,Black,Male,>50K,4,3,4
11455,40-49,Married,40-49,Higher Ed.,private,Adm-clerical,White,Male,<=50K,3,3,4
12894,40-49,Married,More than 50,Bachelors,self-employed,Prof-specialty,White,Male,<=50K,3,4,5
16941,40-49,Married,40-49,Bachelors,self-employed,Exec-managerial,White,Male,<=50K,3,3,5
15497,50-59,Seperated,40-49,High School,self-employed,Sales,Black,Male,<=50K,4,3,3
7493,Older than 60,Married,40-49,Higher Ed.,private,Other,White,Male,<=50K,5,3,4
28309,40-49,Never married,40-49,Bachelors,private,Craft-repair,White,Male,<=50K,3,3,5
18070,40-49,Married,40-49,Higher Ed.,private,Craft-repair,White,Male,<=50K,3,3,4
31286,Younger than 30,Married,40-49,Higher Ed.,private,Sales,White,Male,<=50K,1,3,4
15045,Younger than 30,Never married,20-39,High School,private,Handlers-cleaners,White,Male,<=50K,1,2,3
31416,Younger than 30,Never married,20-39,High School,private,Machine-op-inspct,White,Male,<=50K,1,2,3
32016,Younger than 30,Never married,40-49,Higher Ed.,private,Adm-clerical,White,Male,<=50K,1,3,4
9488,40-49,Seperated,20-39,High School,private,Machine-op-inspct,White,Female,<=50K,3,2,3
11293,30-39,Married,More than 50,Doctorate,self-employed,Prof-specialty,White,Male,>50K,2,4,7
14428,Younger than 30,Never married,Less than 20,High School,private,Machine-op-inspct,Other,Male,<=50K,1,1,3
25494,50-59,Never married,More than 50,Pre-school/Elementary,private,Farming-fishing,Black,Male,<=50K,4,4,1
3835,50-59,Married,20-39,Higher Ed.,self-employed,Transport-moving,White,Male,<=50K,4,2,4
19001,30-39,Married,40-49,Masters,private,Exec-managerial,White,Male,<=50K,2,3,6
32127,30-39,Married,40-49,High School,government,Exec-managerial,White,Male,<=50K,2,3,3
21965,Younger than 30,Married,40-49,High School,private,Machine-op-inspct,White,Male,<=50K,1,3,3
15203,30-39,Married,40-49,High School,private,Transport-moving,White,Male,<=50K,2,3,3
9490,40-49,Seperated,40-49,High School,private,Sales,White,Female,<=50K,3,3,3
5730,50-59,Seperated,20-39,Middle School,private,Craft-repair,White,Female,<=50K,4,2,2
9818,30-39,Never married,Less than 20,High School,private,Other-service,White,Male,<=50K,2,1,3
378,40-49,Married,More than 50,Doctorate,self-employed,Prof-specialty,White,Male,>50K,3,4,7
9546,50-59,Married,40-49,Higher Ed.,private,Exec-managerial,White,Male,>50K,4,3,4
7751,Older than 60,Married,40-49,High School,private,Sales,White,Male,<=50K,5,3,3
6276,30-39,Never married,40-49,Higher Ed.,private,Adm-clerical,White,Male,<=50K,2,3,4
8508,40-49,Married,More than 50,Bachelors,private,Sales,White,Male,>50K,3,4,5
13985,Younger than 30,Married,40-49,Higher Ed.,government,Adm-clerical,White,Male,<=50K,1,3,4
431,30-39,Married,More than 50,Masters,private,Prof-specialty,White,Male,>50K,2,4,6
19075,Older than 60,Married,40-49,Bachelors,government,Exec-managerial,White,Female,<=50K,5,3,5
10951,30-39,Married,20-39,High School,private,Handlers-cleaners,White,Male,<=50K,2,2,3
